1060836.827293,0,0,0,1,1060836.839572,0
1060836.832427,1,1,0,1,1060836.843897,1
1060836.837466,2,2,0,1,1060836.849887,1
1060836.842544,3,0,0,1,1060836.855346,1
1060836.847660,4,1,0,1,1060836.860318,1
1060836.852733,5,2,0,1,1060836.865495,1
1060836.857784,6,0,0,1,1060836.870562,0
1060836.862891,7,1,0,1,1060836.873337,1
1060836.868093,8,2,0,1,1060836.879861,1
1060836.873264,9,0,0,1,1060836.885985,1
1060836.878333,10,1,0,1,1060836.891050,0
1060836.883383,11,2,0,1,1060836.896050,0
1060836.888441,12,0,0,1,1060836.898702,1
1060836.893563,13,1,0,1,1060836.906195,1
1060836.898637,14,2,0,1,1060836.911271,1
1060836.903557,15,0,0,1,1060836.913735,0
1060836.908603,16,1,0,1,1060836.921269,1
1060836.913666,17,2,0,1,1060836.926305,1
1060836.918465,18,0,0,1,1060836.931118,0
1060836.923521,19,1,0,1,1060836.936178,1
1060836.928574,20,2,0,1,1060836.939916,1
1060836.933633,21,0,0,1,1060836.945307,1
1060836.938687,22,1,0,1,1060836.950545,0
1060836.943737,23,2,0,1,1060836.954139,1
1060836.948794,24,0,0,1,1060836.961439,1
1060836.953560,25,1,0,1,1060836.966214,0
1060836.958619,26,2,0,1,1060836.969329,1
1060836.963680,27,0,0,1,1060836.973916,1
1060836.968742,28,1,0,1,1060836.978942,1
1060836.973796,29,2,0,1,1060836.984017,1
1060836.978877,30,0,0,1,1060836.991526,1
1060836.983942,31,1,0,1,1060836.996596,1
1060836.988999,32,2,0,1,1060837.001694,0
1060836.994069,33,0,0,1,1060837.006803,1
1060836.999132,34,1,0,1,1060837.011784,1
1060837.004188,35,2,0,1,1060837.016829,1
1060837.009241,36,0,0,1,1060837.019417,1
1060837.014293,37,1,0,1,1060837.026954,1
1060837.019343,38,2,0,1,1060837.029529,0
1060837.024400,39,0,0,1,1060837.035862,1
1060837.029451,40,1,0,1,1060837.042132,1
1060837.034507,41,2,0,1,1060837.047187,1
1060837.039565,42,0,0,1,1060837.052289,1
1060837.044621,43,1,0,1,1060837.055281,1
1060837.049672,44,2,0,1,1060837.062346,1
1060837.054736,45,0,0,1,1060837.066524,1
1060837.059859,46,1,0,1,1060837.072561,1
1060837.064915,47,2,0,1,1060837.077606,1
1060837.069949,48,0,0,1,1060837.082693,1
1060837.074985,49,1,0,1,1060837.087703,0
1060837.080027,50,2,0,1,1060837.092714,1
1060837.085069,51,0,0,1,1060837.095200,0
1060837.090103,52,1,0,1,1060837.102736,1
1060837.095141,53,2,0,1,1060837.105348,1
1060837.100183,54,0,0,1,1060837.110397,0
1060837.105243,55,1,0,1,1060837.117932,1
1060837.110319,56,2,0,1,1060837.123021,1
1060837.115373,57,0,0,1,1060837.125601,1
1060837.120438,58,1,0,1,1060837.130664,1
1060837.125523,59,2,0,1,1060837.138255,0
1060837.130582,60,0,0,1,1060837.143248,1
1060837.135504,61,1,0,1,1060837.145719,1
1060837.140575,62,2,0,1,1060837.153393,1
1060837.145640,63,0,0,1,1060837.158315,1
1060837.150698,64,1,0,1,1060837.163341,0
1060837.155762,65,2,0,1,1060837.167627,0
1060837.160865,66,0,0,1,1060837.171653,1
1060837.165920,67,1,0,1,1060837.176458,1
1060837.170996,68,2,0,1,1060837.183631,0
1060837.176128,69,0,0,1,1060837.188951,1
1060837.181254,70,1,0,1,1060837.193941,1
1060837.186327,71,2,0,1,1060837.196573,0
1060837.191413,72,0,0,1,1060837.203704,1
1060837.196481,73,1,0,1,1060837.209183,1
1060837.201558,74,2,0,1,1060837.214251,1
1060837.206622,75,0,0,1,1060837.219354,1
1060837.211733,76,1,0,1,1060837.221940,1
1060837.216797,77,2,0,1,1060837.228649,1
1060837.221863,78,0,0,1,1060837.234539,1
1060837.226915,79,1,0,1,1060837.239633,0
1060837.231972,80,2,0,1,1060837.243222,1
1060837.237032,81,0,0,1,1060837.247664,1
1060837.242092,82,1,0,1,1060837.254760,1
1060837.246909,83,2,0,1,1060837.257536,1
1060837.251966,84,0,0,1,1060837.264622,0
1060837.256833,85,1,0,1,1060837.269487,0
1060837.261899,86,2,0,1,1060837.274637,0
1060837.266985,87,0,0,1,1060837.279689,1
1060837.272043,88,1,0,1,1060837.284740,1
1060837.277030,89,2,0,1,1060837.289707,1
1060837.282092,90,0,0,1,1060837.294752,1
1060837.286897,91,1,0,1,1060837.299560,0
1060837.291847,92,2,0,1,1060837.304143,0
1060837.296898,93,0,0,1,1060837.308635,0
1060837.301961,94,1,0,1,1060837.312213,1
1060837.307032,95,2,0,1,1060837.319765,0
1060837.312129,96,0,0,1,1060837.324789,0
1060837.317181,97,1,0,1,1060837.328640,0
1060837.322250,98,2,0,1,1060837.334912,1
1060837.327309,99,0,0,1,1060837.340020,1
1060837.332360,100,1,0,1,1060837.345021,1
1060837.337417,101,2,0,1,1060837.350073,1
1060837.342467,102,0,0,1,1060837.352666,1
1060837.347527,103,1,0,1,1060837.360206,1
1060837.352584,104,2,0,1,1060837.362787,1
1060837.357633,105,0,0,1,1060837.370293,1
1060837.362696,106,1,0,1,1060837.373009,0
1060837.367755,107,2,0,1,1060837.378103,1
1060837.372826,108,0,0,1,1060837.385612,1
1060837.378002,109,1,0,1,1060837.390686,0
1060837.383076,110,2,0,1,1060837.395326,1
1060837.388132,111,0,0,1,1060837.398831,1
1060837.393188,112,1,0,1,1060837.403366,1
1060837.398240,113,2,0,1,1060837.409206,1
1060837.403285,114,0,0,1,1060837.413540,1
1060837.408341,115,1,0,1,1060837.420331,1
1060837.413454,116,2,0,1,1060837.426110,0
1060837.418505,117,0,0,1,1060837.431162,1
1060837.423556,118,1,0,1,1060837.436203,0
1060837.428609,119,2,0,1,1060837.441266,0
1060837.433652,120,0,0,1,1060837.443863,0
1060837.438716,121,1,0,1,1060837.448917,1
1060837.443786,122,2,0,1,1060837.456460,0
1060837.448843,123,0,0,1,1060837.461490,1
1060837.453890,124,1,0,1,1060837.466599,1
1060837.458975,125,2,0,1,1060837.470801,1
1060837.464022,126,0,0,1,1060837.476681,0
1060837.468657,127,1,0,1,1060837.481311,0
1060837.473780,128,2,0,1,1060837.486523,1
1060837.478881,129,0,0,1,1060837.491545,1
1060837.483926,130,1,0,1,1060837.495324,1
1060837.488990,131,2,0,1,1060837.499196,0
1060837.494064,132,0,0,1,1060837.506784,1
1060837.499115,133,1,0,1,1060837.511778,1
1060837.503283,134,2,0,1,1060837.515932,1
1060837.508358,135,0,0,1,1060837.521030,1
1060837.513421,136,1,0,1,1060837.526082,1
1060837.518465,137,2,0,1,1060837.528698,1
1060837.523566,138,0,0,1,1060837.535744,1
1060837.528614,139,1,0,1,1060837.541287,0
1060837.533665,140,2,0,1,1060837.546183,1
1060837.538714,141,0,0,1,1060837.551414,0
1060837.543797,142,1,0,1,1060837.556446,1
1060837.548853,143,2,0,1,1060837.561525,1
1060837.553328,144,0,0,1,1060837.565982,1
1060837.558378,145,1,0,1,1060837.570802,0
1060837.563432,146,2,0,1,1060837.576108,0
1060837.568489,147,0,0,1,1060837.581161,0
1060837.573541,148,1,0,1,1060837.586270,1
1060837.578568,149,2,0,1,1060837.591234,0
1060837.582620,150,0,0,1,1060837.595279,1
1060837.587666,151,1,0,1,1060837.600312,1
1060837.592710,152,2,0,1,1060837.602939,1
1060837.597799,153,0,0,1,1060837.608052,1
1060837.602854,154,1,0,1,1060837.613839,0
1060837.607922,155,2,0,1,1060837.620291,1
1060837.613008,156,0,0,1,1060837.625667,1
1060837.618066,157,1,0,1,1060837.630714,1
1060837.623114,158,2,0,1,1060837.633820,1
1060837.628162,159,0,0,1,1060837.640844,1
1060837.633209,160,1,0,1,1060837.645854,1
1060837.638258,161,2,0,1,1060837.650999,1
1060837.643324,162,0,0,1,1060837.655542,1
1060837.648377,163,1,0,1,1060837.661032,1
1060837.653428,164,2,0,1,1060837.666076,1
1060837.658478,165,0,0,1,1060837.671124,1
1060837.663533,166,1,0,1,1060837.675922,1
1060837.668590,167,2,0,1,1060837.681248,1
1060837.673647,168,0,0,1,1060837.686341,0
1060837.678728,169,1,0,1,1060837.691377,0
1060837.683785,170,2,0,1,1060837.696453,1
1060837.688845,171,0,0,1,1060837.699029,1
1060837.693907,172,1,0,1,1060837.704095,1
1060837.698957,173,2,0,1,1060837.711611,1
1060837.704008,174,0,0,1,1060837.716662,1
1060837.709063,175,1,0,1,1060837.721812,0
1060837.714173,176,2,0,1,1060837.726849,1
1060837.719217,177,0,0,1,1060837.731887,1
1060837.724262,178,1,0,1,1060837.736913,1
1060837.729308,179,2,0,1,1060837.741002,0
1060837.734354,180,0,0,1,1060837.747043,1
1060837.739428,181,1,0,1,1060837.750558,1
1060837.744532,182,2,0,1,1060837.757102,0
1060837.749580,183,0,0,1,1060837.762244,1
1060837.754006,184,1,0,1,1060837.766700,0
1060837.759089,185,2,0,1,1060837.771749,1
1060837.764133,186,0,0,1,1060837.776800,1
1060837.769178,187,1,0,1,1060837.781831,1
1060837.774230,188,2,0,1,1060837.784513,1
1060837.779378,189,0,0,1,1060837.792056,1
1060837.784427,190,1,0,1,1060837.794637,1
1060837.789477,191,2,0,1,1060837.802136,0
1060837.794529,192,0,0,1,1060837.807299,0
1060837.799593,193,1,0,1,1060837.811972,1
1060837.803810,194,2,0,1,1060837.816499,1
1060837.808661,195,0,0,1,1060837.821333,1
1060837.813718,196,1,0,1,1060837.825207,1
1060837.818781,197,2,0,1,1060837.829053,1
1060837.823880,198,0,0,1,1060837.835882,0
1060837.828932,199,1,0,1,1060837.841675,1
1060837.834008,200,2,0,1,1060837.845622,1
1060837.839070,201,0,0,1,1060837.851781,1
1060837.844167,202,1,0,1,1060837.854357,1
1060837.849218,203,2,0,1,1060837.861892,1
1060837.854271,204,0,0,1,1060837.867013,1
1060837.859335,205,1,0,1,1060837.872032,1
1060837.864389,206,2,0,1,1060837.877038,1
1060837.869439,207,0,0,1,1060837.881309,1
1060837.874496,208,1,0,1,1060837.887205,1
1060837.879572,209,2,0,1,1060837.892240,1
1060837.884634,210,0,0,1,1060837.897290,1
1060837.889152,211,1,0,1,1060837.901835,1
1060837.894202,212,2,0,1,1060837.906918,1
1060837.899248,213,0,0,1,1060837.911922,1
1060837.904116,214,1,0,1,1060837.916820,0
1060837.909163,215,2,0,1,1060837.919360,0
1060837.914223,216,0,0,1,1060837.926871,1
1060837.919280,217,1,0,1,1060837.931947,1
1060837.924341,218,2,0,1,1060837.934531,1
1060837.929403,219,0,0,1,1060837.942055,0
1060837.934453,220,1,0,1,1060837.947110,0
1060837.939510,221,2,0,1,1060837.949726,1
1060837.944592,222,0,0,1,1060837.954793,1
1060837.949648,223,1,0,1,1060837.962303,1
1060837.954700,224,2,0,1,1060837.967375,1
1060837.959766,225,0,0,1,1060837.970804,1
1060837.964814,226,1,0,1,1060837.977487,1
1060837.969862,227,2,0,1,1060837.981579,0
1060837.974483,228,0,0,1,1060837.986972,1
1060837.979624,229,1,0,1,1060837.992338,1
1060837.984681,230,2,0,1,1060837.995327,1
1060837.989731,231,0,0,1,1060837.999935,1
1060837.994790,232,1,0,1,1060838.006575,1
1060837.999854,233,2,0,1,1060838.012532,1
1060838.004908,234,0,0,1,1060838.017234,1
1060838.009965,235,1,0,1,1060838.020310,1
1060838.015018,236,2,0,1,1060838.027677,1
1060838.020059,237,0,0,1,1060838.032713,1
1060838.025112,238,1,0,1,1060838.037760,1
1060838.030163,239,2,0,1,1060838.042883,1
1060838.035221,240,0,0,1,1060838.046966,0
1060838.040278,241,1,0,1,1060838.051808,1
1060838.045413,242,2,0,1,1060838.058093,0
1060838.050483,243,0,0,1,1060838.061996,1
1060838.055561,244,1,0,1,1060838.065783,1
1060838.060637,245,2,0,1,1060838.073394,0
1060838.065702,246,0,0,1,1060838.078377,1
1060838.070568,247,1,0,1,1060838.083240,1
1060838.075621,248,2,0,1,1060838.086972,0
1060838.080710,249,0,0,1,1060838.092700,0
1060838.085759,250,1,0,1,1060838.098428,1
1060838.090817,251,2,0,1,1060838.103481,0
1060838.095867,252,0,0,1,1060838.108544,1
1060838.100914,253,1,0,1,1060838.113573,1
1060838.105976,254,2,0,1,1060838.118715,0
1060838.111050,255,0,0,1,1060838.123697,1
1060838.116219,256,1,0,1,1060838.128681,0
1060838.121269,257,2,0,1,1060838.131486,1
1060838.126326,258,0,0,1,1060838.139052,1
1060838.131381,259,1,0,1,1060838.144093,1
1060838.136457,260,2,0,1,1060838.149152,1
1060838.141532,261,0,0,1,1060838.154206,1
1060838.146642,262,1,0,1,1060838.159303,1
1060838.151695,263,2,0,1,1060838.164359,1
1060838.156751,264,0,0,1,1060838.169412,1
1060838.161797,265,1,0,1,1060838.174515,1
1060838.166839,266,2,0,1,1060838.178691,1
1060838.171280,267,0,0,1,1060838.183964,1
1060838.176351,268,1,0,1,1060838.187891,1
1060838.181440,269,2,0,1,1060838.194111,1
1060838.186503,270,0,0,1,1060838.198546,1
1060838.191561,271,1,0,1,1060838.204149,1
1060838.196621,272,2,0,1,1060838.209283,1
1060838.201690,273,0,0,1,1060838.212007,1
1060838.206765,274,1,0,1,1060838.217940,1
1060838.211909,275,2,0,1,1060838.224583,1
1060838.216968,276,0,0,1,1060838.229640,1
1060838.222012,277,1,0,1,1060838.234673,1
1060838.227069,278,2,0,1,1060838.239769,1
1060838.232181,279,0,0,1,1060838.244851,1
1060838.237233,280,1,0,1,1060838.249893,1
1060838.242286,281,2,0,1,1060838.253626,1
1060838.247349,282,0,0,1,1060838.258232,1
1060838.252395,283,1,0,1,1060838.265051,1
1060838.257446,284,2,0,1,1060838.267736,1
1060838.262494,285,0,0,1,1060838.275188,1
1060838.267544,286,1,0,1,1060838.280204,1
1060838.272605,287,2,0,1,1060838.285379,1
1060838.277747,288,0,0,1,1060838.287936,1
1060838.282800,289,1,0,1,1060838.295391,1
1060838.287855,290,2,0,1,1060838.300524,1
1060838.292912,291,0,0,1,1060838.304138,1
1060838.297961,292,1,0,1,1060838.308198,1
1060838.303011,293,2,0,1,1060838.315657,1
1060838.308064,294,0,0,1,1060838.320306,1
1060838.313148,295,1,0,1,1060838.325797,1
1060838.318195,296,2,0,1,1060838.329673,1
1060838.323251,297,0,0,1,1060838.335905,1
1060838.328300,298,1,0,1,1060838.340961,1
1060838.333352,299,2,0,1,1060838.346056,1
1060838.338414,300,0,0,1,1060838.351115,1
1060838.343505,301,1,0,1,1060838.356162,1
1060838.347755,302,2,0,1,1060838.360400,1
1060838.352801,303,0,0,1,1060838.365450,1
1060838.357866,304,1,0,1,1060838.368051,1
1060838.362918,305,2,0,1,1060838.373177,1
1060838.367974,306,0,0,1,1060838.378214,1
1060838.373026,307,1,0,1,1060838.385759,1
1060838.378129,308,2,0,1,1060838.388319,1
1060838.383195,309,0,0,1,1060838.395335,1
1060838.388246,310,1,0,1,1060838.398427,1
1060838.393302,311,2,0,1,1060838.403691,1
1060838.398350,312,0,0,1,1060838.408607,1
1060838.403397,313,1,0,1,1060838.416049,1
1060838.408454,314,2,0,1,1060838.420303,1
1060838.413547,315,0,0,1,1060838.426215,1
1060838.418598,316,1,0,1,1060838.430717,1
1060838.423648,317,2,0,1,1060838.436327,1
1060838.428706,318,0,0,1,1060838.441371,1
1060838.433752,319,1,0,1,1060838.445957,1
1060838.438822,320,2,0,1,1060838.451503,1
1060838.443881,321,0,0,1,1060838.456553,1
1060838.448939,322,1,0,1,1060838.461593,1
1060838.453649,323,2,0,1,1060838.466299,1
1060838.458702,324,0,0,1,1060838.470811,1
1060838.463754,325,1,0,1,1060838.475880,1
1060838.468808,326,2,0,1,1060838.481478,1
1060838.473879,327,0,0,1,1060838.486543,1
1060838.478969,328,1,0,1,1060838.491612,1
1060838.484020,329,2,0,1,1060838.495308,1
1060838.489079,330,0,0,1,1060838.500725,1
1060838.494141,331,1,0,1,1060838.506842,1
1060838.499183,332,2,0,1,1060838.511869,1
1060838.504237,333,0,0,1,1060838.516875,1
1060838.509284,334,1,0,1,1060838.521945,1
1060838.514345,335,2,0,1,1060838.525957,1
1060838.519392,336,0,0,1,1060838.529603,1
1060838.524445,337,1,0,1,1060838.537105,1
1060838.529493,338,2,0,1,1060838.539791,1
1060838.534614,339,0,0,1,1060838.547332,1
1060838.539669,340,1,0,1,1060838.552369,1
1060838.544758,341,2,0,1,1060838.557436,1
1060838.549836,342,0,0,1,1060838.562493,1
1060838.554887,343,1,0,1,1060838.567534,1
1060838.559943,344,2,0,1,1060838.571897,1
1060838.564993,345,0,0,1,1060838.575423,1
1060838.570049,346,1,0,1,1060838.582558,1
1060838.575104,347,2,0,1,1060838.587818,1
1060838.580192,348,0,0,1,1060838.592837,1
1060838.585244,349,1,0,1,1060838.597978,1
1060838.590303,350,2,0,1,1060838.602963,1
1060838.595350,351,0,0,1,1060838.605604,1
1060838.600424,352,1,0,1,1060838.610650,1
1060838.605482,353,2,0,1,1060838.618188,1
1060838.610564,354,0,0,1,1060838.623227,1
1060838.615627,355,1,0,1,1060838.628309,1
1060838.620678,356,2,0,1,1060838.633327,1
1060838.625729,357,0,0,1,1060838.638429,1
1060838.630774,358,1,0,1,1060838.643426,1
1060838.635657,359,2,0,1,1060838.647874,1
1060838.640575,360,0,0,1,1060838.653255,1
1060838.645653,361,1,0,1,1060838.658314,1
1060838.650706,362,2,0,1,1060838.663378,1
1060838.655753,363,0,0,1,1060838.668423,1
1060838.660854,364,1,0,1,1060838.671963,1
1060838.665905,365,2,0,1,1060838.678551,1
1060838.670960,366,0,0,1,1060838.683612,1
1060838.676011,367,1,0,1,1060838.688692,1
1060838.681076,368,2,0,1,1060838.693739,1
1060838.686174,369,0,0,1,1060838.698825,1
1060838.691219,370,1,0,1,1060838.703667,1
1060838.696270,371,2,0,1,1060838.708931,1
1060838.701316,372,0,0,1,1060838.711990,1
1060838.706368,373,1,0,1,1060838.719070,1
1060838.710543,374,2,0,1,1060838.723191,1
1060838.715594,375,0,0,1,1060838.726964,1
1060838.720665,376,1,0,1,1060838.731622,1
1060838.725718,377,2,0,1,1060838.738377,1
1060838.730761,378,0,0,1,1060838.743419,1
1060838.735806,379,1,0,1,1060838.748486,1
1060838.740869,380,2,0,1,1060838.753634,1
1060838.745247,381,0,0,1,1060838.757904,1
1060838.750298,382,1,0,1,1060838.762006,1
1060838.755351,383,2,0,1,1060838.767489,1
1060838.760423,384,0,0,1,1060838.770946,1
1060838.765485,385,1,0,1,1060838.778322,1
1060838.770620,386,2,0,1,1060838.783581,1
1060838.775854,387,0,0,1,1060838.787049,1
1060838.781004,388,1,0,1,1060838.793812,1
1060838.785266,389,2,0,1,1060838.796902,1
1060838.790445,390,0,0,1,1060838.803202,1
1060838.795553,391,1,0,1,1060838.808395,1
1060838.800660,392,2,0,1,1060838.813438,1
1060838.805769,393,0,0,1,1060838.817600,1
1060838.811040,394,1,0,1,1060838.821472,1
1060838.816126,395,2,0,1,1060838.827965,1
1060838.821216,396,0,0,1,1060838.833402,1
1060838.826342,397,1,0,1,1060838.838623,1
1060838.831334,398,2,0,1,1060838.843292,1
1060838.836491,399,0,0,1,1060838.849201,1
1060838.841597,400,1,0,1,1060838.853679,1
1060838.846719,401,2,0,1,1060838.856951,1
1060838.851746,402,0,0,1,1060838.864465,1
1060838.856802,403,1,0,1,1060838.867149,1
1060838.861914,404,2,0,1,1060838.874840,1
1060838.867044,405,0,0,1,1060838.879864,1
1060838.872137,406,1,0,1,1060838.884954,1
1060838.877305,407,2,0,1,1060838.887693,1
1060838.882465,408,0,0,1,1060838.895182,1
1060838.887565,409,1,0,1,1060838.900296,1
1060838.892650,410,2,0,1,1060838.903269,1
1060838.897723,411,0,0,1,1060838.908169,1
1060838.902769,412,1,0,1,1060838.915457,1
1060838.907835,413,2,0,1,1060838.920630,1
1060838.912950,414,0,0,1,1060838.925612,1
1060838.918008,415,1,0,1,1060838.928238,1
1060838.923072,416,2,0,1,1060838.934576,1
1060838.928149,417,0,0,1,1060838.940866,1
1060838.933210,418,1,0,1,1060838.945869,1
1060838.938261,419,2,0,1,1060838.950949,1
1060838.943326,420,0,0,1,1060838.955980,1
1060838.948370,421,1,0,1,1060838.961027,1
1060838.953417,422,2,0,1,1060838.966112,1
1060838.958516,423,0,0,1,1060838.971163,1
1060838.963563,424,1,0,1,1060838.973777,1
1060838.968613,425,2,0,1,1060838.981267,1
1060838.973672,426,0,0,1,1060838.986379,1
1060838.978755,427,1,0,1,1060838.991442,1
1060838.983822,428,2,0,1,1060838.995326,1
1060838.988876,429,0,0,1,1060839.001365,1
1060838.993972,430,1,0,1,1060839.006717,1
1060838.998489,431,2,0,1,1060839.011199,1
1060839.003548,432,0,0,1,1060839.016212,1
1060839.008602,433,1,0,1,1060839.018805,1
1060839.013665,434,2,0,1,1060839.023866,1
1060839.018717,435,0,0,1,1060839.030562,1
1060839.023779,436,1,0,1,1060839.036464,1
1060839.028838,437,2,0,1,1060839.041516,1
1060839.033409,438,0,0,1,1060839.046062,1
1060839.038457,439,1,0,1,1060839.051125,1
1060839.043525,440,2,0,1,1060839.053772,1
1060839.048638,441,0,0,1,1060839.061286,1
1060839.053687,442,1,0,1,1060839.066371,1
1060839.058739,443,2,0,1,1060839.070831,1
1060839.063787,444,0,0,1,1060839.075790,1
1060839.068835,445,1,0,1,1060839.081495,1
1060839.073153,446,2,0,1,1060839.085898,1
1060839.078259,447,0,0,1,1060839.090912,1
1060839.083310,448,1,0,1,1060839.095344,1
1060839.088366,449,2,0,1,1060839.101036,1
1060839.093409,450,0,0,1,1060839.105264,1
1060839.098454,451,1,0,1,1060839.108704,1
1060839.103527,452,2,0,1,1060839.116178,1
1060839.108590,453,0,0,1,1060839.119844,1
1060839.113604,454,1,0,1,1060839.126255,1
1060839.118657,455,2,0,1,1060839.131320,1
1060839.123716,456,0,0,1,1060839.136401,1
1060839.128768,457,1,0,1,1060839.139016,1
1060839.133827,458,2,0,1,1060839.146491,1
1060839.138892,459,0,0,1,1060839.149133,1
1060839.143998,460,1,0,1,1060839.156660,1
1060839.149055,461,2,0,1,1060839.161477,1
1060839.153575,462,0,0,1,1060839.166234,1
1060839.158497,463,1,0,1,1060839.170834,1
1060839.163551,464,2,0,1,1060839.174474,1
1060839.168593,465,0,0,1,1060839.181269,1
1060839.173328,466,1,0,1,1060839.186037,1
1060839.178427,467,2,0,1,1060839.191076,1
1060839.183480,468,0,0,1,1060839.193662,1
1060839.188532,469,1,0,1,1060839.198713,1
1060839.193586,470,2,0,1,1060839.204149,1
1060839.198635,471,0,0,1,1060839.211301,1
1060839.203681,472,1,0,1,1060839.216330,1
1060839.208740,473,2,0,1,1060839.220315,1
1060839.213822,474,0,0,1,1060839.226468,1
1060839.218883,475,1,0,1,1060839.231547,1
1060839.223929,476,2,0,1,1060839.236575,1
1060839.228989,477,0,0,1,1060839.240871,1
1060839.234069,478,1,0,1,1060839.246754,1
1060839.238465,479,2,0,1,1060839.248651,1
1060839.243524,480,0,0,1,1060839.253680,1
1060839.248573,481,1,0,1,1060839.261241,1
1060839.253626,482,2,0,1,1060839.266308,1
1060839.258684,483,0,0,1,1060839.270837,1
1060839.263461,484,1,0,1,1060839.275888,1
1060839.268519,485,2,0,1,1060839.280191,1
1060839.273570,486,0,0,1,1060839.286285,1
1060839.278661,487,1,0,1,1060839.291360,1
1060839.283716,488,2,0,1,1060839.295312,1
1060839.288768,489,0,0,1,1060839.301452,1
1060839.293832,490,1,0,1,1060839.304162,1
1060839.298909,491,2,0,1,1060839.311616,1
1060839.303960,492,0,0,1,1060839.316710,1
1060839.309029,493,1,0,1,1060839.321839,1
1060839.314173,494,2,0,1,1060839.326849,1
1060839.319251,495,0,0,1,1060839.331915,1
1060839.324302,496,1,0,1,1060839.336971,1
1060839.329365,497,2,0,1,1060839.341184,1
1060839.334425,498,0,0,1,1060839.347081,1
1060839.339478,499,1,0,1,1060839.352267,1
1060839.344619,500,2,0,1,1060839.356419,1
1060839.349675,501,0,0,1,1060839.362021,1
1060839.354730,502,1,0,1,1060839.364918,1
1060839.359787,503,2,0,1,1060839.371956,1
1060839.364839,504,0,0,1,1060839.377526,1
1060839.369888,505,1,0,1,1060839.382548,1
1060839.374940,506,2,0,1,1060839.387652,1
1060839.380027,507,0,0,1,1060839.390382,1
1060839.385073,508,1,0,1,1060839.395381,1
1060839.390131,509,2,0,1,1060839.402272,1
1060839.394551,510,0,0,1,1060839.407308,1
1060839.399403,511,1,0,1,1060839.411985,1
1060839.403733,512,2,0,1,1060839.416402,1
1060839.407995,513,0,0,1,1060839.420671,1
1060839.413059,514,1,0,1,1060839.425718,1
1060839.418112,515,2,0,1,1060839.430782,1
1060839.423176,516,0,0,1,1060839.435831,1
1060839.428230,517,1,0,1,1060839.440933,1
1060839.433295,518,2,0,1,1060839.446008,1
1060839.438351,519,0,0,1,1060839.451036,1
1060839.443434,520,1,0,1,1060839.453621,1
1060839.448489,521,2,0,1,1060839.461157,1
1060839.453539,522,0,0,1,1060839.463750,1
1060839.458604,523,1,0,1,1060839.468800,1
1060839.463673,524,2,0,1,1060839.476329,1
1060839.468722,525,0,0,1,1060839.479844,1
1060839.473181,526,1,0,1,1060839.485900,1
1060839.478281,527,2,0,1,1060839.489234,1
1060839.483336,528,0,0,1,1060839.493526,1
1060839.488388,529,1,0,1,1060839.499907,1
1060839.493439,530,2,0,1,1060839.504156,1
1060839.498500,531,0,0,1,1060839.511162,1
1060839.503550,532,1,0,1,1060839.516190,1
1060839.508601,533,2,0,1,1060839.521235,1
1060839.513698,534,0,0,1,1060839.523879,1
1060839.518750,535,1,0,1,1060839.531416,1
1060839.523797,536,2,0,1,1060839.536465,1
1060839.528852,537,0,0,1,1060839.539762,1
1060839.533900,538,1,0,1,1060839.546552,1
1060839.538951,539,2,0,1,1060839.551687,1
1060839.544038,540,0,0,1,1060839.556730,1
1060839.549110,541,1,0,1,1060839.561752,1
1060839.553176,542,2,0,1,1060839.565834,1
1060839.558226,543,0,0,1,1060839.568413,1
1060839.563280,544,1,0,1,1060839.573518,1
1060839.568331,545,2,0,1,1060839.578551,1
1060839.573394,546,0,0,1,1060839.585238,1
1060839.578478,547,1,0,1,1060839.591145,1
1060839.583551,548,2,0,1,1060839.596213,1
1060839.588600,549,0,0,1,1060839.601282,1
1060839.593663,550,1,0,1,1060839.604154,1
1060839.598713,551,2,0,1,1060839.611366,1
1060839.603761,552,0,0,1,1060839.616410,1
1060839.608813,553,1,0,1,1060839.620981,1
1060839.613922,554,2,0,1,1060839.625472,1
1060839.618971,555,0,0,1,1060839.629682,1
1060839.624024,556,1,0,1,1060839.634293,1
1060839.629083,557,2,0,1,1060839.639479,1
1060839.634177,558,0,0,1,1060839.646888,1
1060839.639287,559,1,0,1,1060839.649612,1
1060839.644422,560,2,0,1,1060839.657167,1
1060839.649532,561,0,0,1,1060839.659730,1
1060839.654585,562,1,0,1,1060839.667234,1
1060839.659644,563,2,0,1,1060839.669857,1
1060839.664708,564,0,0,1,1060839.674980,1
1060839.669779,565,1,0,1,1060839.682451,1
1060839.674838,566,2,0,1,1060839.687572,1
1060839.679936,567,0,0,1,1060839.692594,1
1060839.684983,568,1,0,1,1060839.697677,1
1060839.690027,569,2,0,1,1060839.702694,1
1060839.695102,570,0,0,1,1060839.707943,1
1060839.700250,571,1,0,1,1060839.712952,1
1060839.705344,572,2,0,1,1060839.718048,1
1060839.710345,573,0,0,1,1060839.723001,1
1060839.715398,574,1,0,1,1060839.728059,1
1060839.720453,575,2,0,1,1060839.733135,1
1060839.725511,576,0,0,1,1060839.735747,1
1060839.730630,577,1,0,1,1060839.743281,1
1060839.735680,578,2,0,1,1060839.748350,1
1060839.740751,579,0,0,1,1060839.753457,1
1060839.745179,580,1,0,1,1060839.757905,1
1060839.749686,581,2,0,1,1060839.762348,1
1060839.753774,582,0,0,1,1060839.766428,1
1060839.758821,583,1,0,1,1060839.769073,1
1060839.763877,584,2,0,1,1060839.776528,1
1060839.768978,585,0,0,1,1060839.781662,1
1060839.774038,586,1,0,1,1060839.786754,1
1060839.779128,587,2,0,1,1060839.791794,1
1060839.784179,588,0,0,1,1060839.796827,1
1060839.789222,589,1,0,1,1060839.801881,1
1060839.794340,590,2,0,1,1060839.807059,1
1060839.798515,591,0,0,1,1060839.811189,1
1060839.803572,592,1,0,1,1060839.814933,1
1060839.808619,593,2,0,1,1060839.820326,1
1060839.813667,594,0,0,1,1060839.826330,1
1060839.818795,595,1,0,1,1060839.831468,1
1060839.823849,596,2,0,1,1060839.836513,1
1060839.828904,597,0,0,1,1060839.841595,1
1060839.833958,598,1,0,1,1060839.856874,1
1060839.839013,599,2,0,1,1060839.861635,1
1060839.844106,600,0,0,1,1060839.866721,1
1060839.849157,601,1,0,1,1060839.869430,1
1060839.853850,602,2,0,1,1060839.873333,1
1060839.858924,603,0,0,1,1060839.878573,1
1060839.863978,604,1,0,1,1060839.881986,1
1060839.869094,605,2,0,1,1060839.885899,1
1060839.873166,606,0,0,1,1060839.891136,1
1060839.878272,607,1,0,1,1060839.893524,1
1060839.883328,608,2,0,1,1060839.898485,1
1060839.888370,609,0,0,1,1060839.903694,1
1060839.893448,610,1,0,1,1060839.904159,1
1060839.898407,611,2,0,1,1060839.908661,1
1060839.903465,612,0,0,1,1060839.915904,1
1060839.908517,613,1,0,1,1060839.920319,1
1060839.913615,614,2,0,1,1060839.923852,1
1060839.918710,615,0,0,1,1060839.931413,1
1060839.923764,616,1,0,1,1060839.936440,1
1060839.928818,617,2,0,1,1060839.941062,1
1060839.933876,618,0,0,1,1060839.944142,1
1060839.938939,619,1,0,1,1060839.950080,1
1060839.944056,620,2,0,1,1060839.954249,1
1060839.949110,621,0,0,1,1060839.961794,1
1060839.954166,622,1,0,1,1060839.964340,1
1060839.959220,623,2,0,1,1060839.971937,1
1060839.964267,624,0,0,1,1060839.974452,1
1060839.969313,625,1,0,1,1060839.981962,1
1060839.974363,626,2,0,1,1060839.987039,1
1060839.979424,627,0,0,1,1060839.992073,1
1060839.984527,628,1,0,1,1060839.997182,1
1060839.989570,629,2,0,1,1060840.001266,1
1060839.994615,630,0,0,1,1060840.007298,1
1060839.999659,631,1,0,1,1060840.012025,1
1060840.004711,632,2,0,1,1060840.014931,1
1060840.009785,633,0,0,1,1060840.020317,1
1060840.014840,634,1,0,1,1060840.027511,1
1060840.019899,635,2,0,1,1060840.032562,1
1060840.024949,636,0,0,1,1060840.037497,1
1060840.030012,637,1,0,1,1060840.042679,1
1060840.035083,638,2,0,1,1060840.046911,1
1060840.040137,639,0,0,1,1060840.052836,1
1060840.045229,640,1,0,1,1060840.057889,1
1060840.050306,641,2,0,1,1060840.062987,1
1060840.055357,642,0,0,1,1060840.068013,1
1060840.060417,643,1,0,1,1060840.073117,1
1060840.065468,644,2,0,1,1060840.078122,1
1060840.070516,645,0,0,1,1060840.083188,1
1060840.075562,646,1,0,1,1060840.088236,1
1060840.080612,647,2,0,1,1060840.090807,1
1060840.085663,648,0,0,1,1060840.097258,1
1060840.090713,649,1,0,1,1060840.103399,1
1060840.095813,650,2,0,1,1060840.107918,1
1060840.100866,651,0,0,1,1060840.112007,1
1060840.105916,652,1,0,1,1060840.118599,1
1060840.110991,653,2,0,1,1060840.121210,1
1060840.116045,654,0,0,1,1060840.128672,1
1060840.121122,655,1,0,1,1060840.133776,1
1060840.126181,656,2,0,1,1060840.138866,1
1060840.131231,657,0,0,1,1060840.143890,1
1060840.136286,658,1,0,1,1060840.148927,1
1060840.141052,659,2,0,1,1060840.153708,1
1060840.146170,660,0,0,1,1060840.156362,1
1060840.151224,661,1,0,1,1060840.161423,1
1060840.156278,662,2,0,1,1060840.168941,1
1060840.161343,663,0,0,1,1060840.174082,1
1060840.166402,664,1,0,1,1060840.179047,1
1060840.171448,665,2,0,1,1060840.184097,1
1060840.176499,666,0,0,1,1060840.186696,1
1060840.181564,667,1,0,1,1060840.191749,1
1060840.186618,668,2,0,1,1060840.199273,1
1060840.191670,669,0,0,1,1060840.204338,1
1060840.196723,670,1,0,1,1060840.209377,1
1060840.201771,671,2,0,1,1060840.214426,1
1060840.206375,672,0,0,1,1060840.219097,1
1060840.211481,673,1,0,1,1060840.221679,1
1060840.216542,674,2,0,1,1060840.228681,1
1060840.221596,675,0,0,1,1060840.234253,1
1060840.226651,676,1,0,1,1060840.236840,1
1060840.231708,677,2,0,1,1060840.244365,1
1060840.236759,678,0,0,1,1060840.249419,1
1060840.241819,679,1,0,1,1060840.254543,1
1060840.246919,680,2,0,1,1060840.259572,1
1060840.251963,681,0,0,1,1060840.264622,1
1060840.257009,682,1,0,1,1060840.269670,1
1060840.261937,683,2,0,1,1060840.274452,1
1060840.267042,684,0,0,1,1060840.279720,1
1060840.271575,685,1,0,1,1060840.284240,1
1060840.276629,686,2,0,1,1060840.289251,1
1060840.281684,687,0,0,1,1060840.291865,1
1060840.286736,688,1,0,1,1060840.296914,1
1060840.291786,689,2,0,1,1060840.304453,1
1060840.296839,690,0,0,1,1060840.309496,1
1060840.301882,691,1,0,1,1060840.314540,1
1060840.306945,692,2,0,1,1060840.319671,1
1060840.312039,693,0,0,1,1060840.322306,1
1060840.317156,694,1,0,1,1060840.329807,1
1060840.322204,695,2,0,1,1060840.334345,1
1060840.327261,696,0,0,1,1060840.337499,1
1060840.331833,697,1,0,1,1060840.344492,1
1060840.336569,698,2,0,1,1060840.349228,1
1060840.341626,699,0,0,1,1060840.353241,1
1060840.346727,700,1,0,1,1060840.359368,1
1060840.351769,701,2,0,1,1060840.363919,1
1060840.356822,702,0,0,1,1060840.367020,1
1060840.361887,703,1,0,1,1060840.372091,1
1060840.366938,704,2,0,1,1060840.379615,1
1060840.371998,705,0,0,1,1060840.384681,1
1060840.377069,706,1,0,1,1060840.389769,1
1060840.381750,707,2,0,1,1060840.394421,1
1060840.386798,708,0,0,1,1060840.399457,1
1060840.391889,709,1,0,1,1060840.404166,1
1060840.396970,710,2,0,1,1060840.407845,1
1060840.402023,711,0,0,1,1060840.414673,1
1060840.407075,712,1,0,1,1060840.419808,1
1060840.411933,713,2,0,1,1060840.424591,1
1060840.416987,714,0,0,1,1060840.429678,1
1060840.422042,715,1,0,1,1060840.432232,1
1060840.427099,716,2,0,1,1060840.438584,1
1060840.432151,717,0,0,1,1060840.444810,1
1060840.437203,718,1,0,1,1060840.449232,1
1060840.442261,719,2,0,1,1060840.455005,1
1060840.447353,720,0,0,1,1060840.459995,1
1060840.452408,721,1,0,1,1060840.462612,1
1060840.457467,722,2,0,1,1060840.470166,1
1060840.462530,723,0,0,1,1060840.475261,1
1060840.467588,724,1,0,1,1060840.478690,1
1060840.472677,725,2,0,1,1060840.484321,1
1060840.477900,726,0,0,1,1060840.490604,1
1060840.482977,727,1,0,1,1060840.495651,1
1060840.488034,728,2,0,1,1060840.500687,1
1060840.493088,729,0,0,1,1060840.503316,1
1060840.498166,730,1,0,1,1060840.510816,1
1060840.503219,731,2,0,1,1060840.515938,1
1060840.508287,732,0,0,1,1060840.521028,1
1060840.513399,733,1,0,1,1060840.526053,1
1060840.518452,734,2,0,1,1060840.531108,1
1060840.523500,735,0,0,1,1060840.536151,1
1060840.527981,736,1,0,1,1060840.540686,1
1060840.533031,737,2,0,1,1060840.545720,1
1060840.537440,738,0,0,1,1060840.550089,1
1060840.542490,739,1,0,1,1060840.552711,1
1060840.547544,740,2,0,1,1060840.557773,1
1060840.552631,741,0,0,1,1060840.562819,1
1060840.557681,742,1,0,1,1060840.570324,1
1060840.562743,743,2,0,1,1060840.573054,1
1060840.567832,744,0,0,1,1060840.578675,1
1060840.572887,745,1,0,1,1060840.585608,1
1060840.577975,746,2,0,1,1060840.589721,1
1060840.583035,747,0,0,1,1060840.595365,1
1060840.587843,748,1,0,1,1060840.598024,1
1060840.592895,749,2,0,1,1060840.605573,1
1060840.597947,750,0,0,1,1060840.609240,1
1060840.603002,751,1,0,1,1060840.615650,1
1060840.608052,752,2,0,1,1060840.619926,1
1060840.613116,753,0,0,1,1060840.625773,1
1060840.618175,754,1,0,1,1060840.628677,1
1060840.623228,755,2,0,1,1060840.635888,1
1060840.628300,756,0,0,1,1060840.639737,1
1060840.633353,757,1,0,1,1060840.645334,1
1060840.638404,758,2,0,1,1060840.648618,1
1060840.643474,759,0,0,1,1060840.653682,1
1060840.648544,760,1,0,1,1060840.661193,1
1060840.653613,761,2,0,1,1060840.663841,1
1060840.658712,762,0,0,1,1060840.671410,1
1060840.663760,763,1,0,1,1060840.676429,1
1060840.668808,764,2,0,1,1060840.681468,1
1060840.673203,765,0,0,1,1060840.685943,1
1060840.678300,766,1,0,1,1060840.688482,1
1060840.683357,767,2,0,1,1060840.694545,1
1060840.688527,768,0,0,1,1060840.701184,1
1060840.692970,769,1,0,1,1060840.704201,1
1060840.698014,770,2,0,1,1060840.710662,1
1060840.703066,771,0,0,1,1060840.715788,1
1060840.708160,772,1,0,1,1060840.720929,1
1060840.713291,773,2,0,1,1060840.725978,1
1060840.718348,774,0,0,1,1060840.731004,0
1060840.723401,775,1,0,1,1060840.736058,1
1060840.728450,776,2,0,1,1060840.738726,1
1060840.733562,777,0,0,1,1060840.743830,1
1060840.738623,778,1,0,1,1060840.748862,1
1060840.743706,779,2,0,1,1060840.756414,0
1060840.748780,780,0,0,1,1060840.761499,0
1060840.753836,781,1,0,1,1060840.766500,1
1060840.758898,782,2,0,1,1060840.771584,1
1060840.763952,783,0,0,1,1060840.776603,1
1060840.769003,784,1,0,1,1060840.779914,0
1060840.774054,785,2,0,1,1060840.786824,0
1060840.779143,786,0,0,1,1060840.789328,1
1060840.784199,787,1,0,1,1060840.795355,1
1060840.789250,788,2,0,1,1060840.801254,1
1060840.794334,789,0,0,1,1060840.806450,1
1060840.799397,790,1,0,1,1060840.812006,0
1060840.804448,791,2,0,1,1060840.817115,1
1060840.809511,792,0,0,1,1060840.822168,0
1060840.814560,793,1,0,1,1060840.827209,0
1060840.819607,794,2,0,1,1060840.829834,1
1060840.824695,795,0,0,1,1060840.837370,1
1060840.829748,796,1,0,1,1060840.841068,1
1060840.834795,797,2,0,1,1060840.845589,1
1060840.839865,798,0,0,1,1060840.852585,1
1060840.844968,799,1,0,1,1060840.857613,0
1060840.850023,800,2,0,1,1060840.862075,1
1060840.854508,801,0,0,1,1060840.867160,1
1060840.859576,802,1,0,1,1060840.872243,0
1060840.864629,803,2,0,1,1060840.877306,1
1060840.869109,804,0,0,1,1060840.881784,0
1060840.874166,805,1,0,1,1060840.886854,1
1060840.879253,806,2,0,1,1060840.891927,1
1060840.884296,807,0,0,1,1060840.895339,1
1060840.889347,808,1,0,1,1060840.901999,1
1060840.894405,809,2,0,1,1060840.904634,1
1060840.899496,810,0,0,1,1060840.912155,1
1060840.904548,811,1,0,1,1060840.914786,1
1060840.909608,812,2,0,1,1060840.922357,1
1060840.914712,813,0,0,1,1060840.925931,0
1060840.919763,814,1,0,1,1060840.932405,1
1060840.924814,815,2,0,1,1060840.937487,1
1060840.929868,816,0,0,1,1060840.941082,1
1060840.934939,817,1,0,1,1060840.947596,1
1060840.939844,818,2,0,1,1060840.952572,1
1060840.944953,819,0,0,1,1060840.955121,1
1060840.950004,820,1,0,1,1060840.962009,1
1060840.955054,821,2,0,1,1060840.965245,1
1060840.960114,822,0,0,1,1060840.971944,1
1060840.965164,823,1,0,1,1060840.975371,0
1060840.970212,824,2,0,1,1060840.982869,1
1060840.975263,825,0,0,1,1060840.987958,1
1060840.980337,826,1,0,1,1060840.992980,1
1060840.985389,827,2,0,1,1060840.998055,1
1060840.990442,828,0,0,1,1060841.003150,1
1060840.995490,829,1,0,1,1060841.007713,1
1060841.000552,830,2,0,1,1060841.013224,1
1060841.005630,831,0,0,1,1060841.018336,1
1060841.010728,832,1,0,1,1060841.021969,1
1060841.015777,833,2,0,1,1060841.028438,0
1060841.020830,834,0,0,1,1060841.033497,1
1060841.025898,835,1,0,1,1060841.037524,1
1060841.030941,836,2,0,1,1060841.043596,1
1060841.035985,837,0,0,1,1060841.048647,1
1060841.041036,838,1,0,1,1060841.053731,1
1060841.046110,839,2,0,1,1060841.057271,1
1060841.051154,840,0,0,1,1060841.061372,1
1060841.056223,841,1,0,1,1060841.068874,1
1060841.061277,842,2,0,1,1060841.073082,1
1060841.066344,843,0,0,1,1060841.078611,1
1060841.071389,844,1,0,1,1060841.081582,0
1060841.076448,845,2,0,1,1060841.086652,1
1060841.081505,846,0,0,1,1060841.091770,1
1060841.086572,847,1,0,1,1060841.099235,1
1060841.091679,848,2,0,1,1060841.104356,1
1060841.096741,849,0,0,1,1060841.109471,1
1060841.101835,850,1,0,1,1060841.114512,0
1060841.106892,851,2,0,1,1060841.119634,0
1060841.111977,852,0,0,1,1060841.124650,1
1060841.117094,853,1,0,1,1060841.128670,0
1060841.121176,854,2,0,1,1060841.133853,1
1060841.126230,855,0,0,1,1060841.138923,1
1060841.131283,856,1,0,1,1060841.143976,1
1060841.136375,857,2,0,1,1060841.149027,1
1060841.141425,858,0,0,1,1060841.154044,1
1060841.146476,859,1,0,1,1060841.159114,1
1060841.151518,860,2,0,1,1060841.164174,1
1060841.156561,861,0,0,1,1060841.169213,1
1060841.161614,862,1,0,1,1060841.171865,1
1060841.166732,863,2,0,1,1060841.178668,1
1060841.171778,864,0,0,1,1060841.184442,1
1060841.176835,865,1,0,1,1060841.189546,1
1060841.181925,866,2,0,1,1060841.194606,0
1060841.186985,867,0,0,1,1060841.199626,1
1060841.192040,868,1,0,1,1060841.202223,1
1060841.197091,869,2,0,1,1060841.207350,1
1060841.202146,870,0,0,1,1060841.214810,1
1060841.207202,871,1,0,1,1060841.219936,1
1060841.212297,872,2,0,1,1060841.224954,1
1060841.217344,873,0,0,1,1060841.228682,1
1060841.222393,874,1,0,1,1060841.232587,1
1060841.227452,875,2,0,1,1060841.238611,1
1060841.232509,876,0,0,1,1060841.242719,0
1060841.237556,877,1,0,1,1060841.250257,1
1060841.242609,878,2,0,1,1060841.253988,1
1060841.247608,879,0,0,1,1060841.260259,1
1060841.252665,880,1,0,1,1060841.265316,0
1060841.257718,881,2,0,1,1060841.270362,0
1060841.262764,882,0,0,1,1060841.273098,1
1060841.267866,883,1,0,1,1060841.280595,1
1060841.272938,884,2,0,1,1060841.285699,1
1060841.278022,885,0,0,1,1060841.290679,1
1060841.283080,886,1,0,1,1060841.295723,1
1060841.288134,887,2,0,1,1060841.300774,1
1060841.293187,888,0,0,1,1060841.305900,0
1060841.298239,889,1,0,1,1060841.308670,1
1060841.302525,890,2,0,1,1060841.315203,1
1060841.307592,891,0,0,1,1060841.320264,1
1060841.312659,892,1,0,1,1060841.325326,0
1060841.317712,893,2,0,1,1060841.330377,1
1060841.322758,894,0,0,1,1060841.335413,0
1060841.327809,895,1,0,1,1060841.340498,1
1060841.332865,896,2,0,1,1060841.345251,1
1060841.337912,897,0,0,1,1060841.348107,1
1060841.342970,898,1,0,1,1060841.353665,1
1060841.348024,899,2,0,1,1060841.360680,0
1060841.353078,900,0,0,1,1060841.363274,1
1060841.358132,901,1,0,1,1060841.368327,1
1060841.363197,902,2,0,1,1060841.375864,1
1060841.368250,903,0,0,1,1060841.378674,1
1060841.373307,904,1,0,1,1060841.386020,1
1060841.378393,905,2,0,1,1060841.391056,1
1060841.382567,906,0,0,1,1060841.395239,1
1060841.386938,907,1,0,1,1060841.398584,0
1060841.391986,908,2,0,1,1060841.404669,0
1060841.397042,909,0,0,1,1060841.409710,1
1060841.402087,910,1,0,1,1060841.412370,1
1060841.407161,911,2,0,1,1060841.419917,1
1060841.412279,912,0,0,1,1060841.422521,1
1060841.417366,913,1,0,1,1060841.428679,1
1060841.422421,914,2,0,1,1060841.435095,1
1060841.427485,915,0,0,1,1060841.437675,1
1060841.432538,916,1,0,1,1060841.445240,1
1060841.437596,917,2,0,1,1060841.448890,1
1060841.442654,918,0,0,1,1060841.453214,1
1060841.447775,919,1,0,1,1060841.460420,1
1060841.452828,920,2,0,1,1060841.465501,1
1060841.457891,921,0,0,1,1060841.470372,1
1060841.462937,922,1,0,1,1060841.474384,1
1060841.468000,923,2,0,1,1060841.480523,1
1060841.473074,924,0,0,1,1060841.485772,1
1060841.478161,925,1,0,1,1060841.490810,1
1060841.483212,926,2,0,1,1060841.495928,1
1060841.488271,927,0,0,1,1060841.498467,0
1060841.493324,928,1,0,1,1060841.503514,1
1060841.498388,929,2,0,1,1060841.508643,1
1060841.503438,930,0,0,1,1060841.515923,1
1060841.508496,931,1,0,1,1060841.521238,1
1060841.513590,932,2,0,1,1060841.526242,1
1060841.518642,933,0,0,1,1060841.531294,1
1060841.523701,934,1,0,1,1060841.536351,1
1060841.528744,935,2,0,1,1060841.539032,1
1060841.533799,936,0,0,1,1060841.545354,1
1060841.538884,937,1,0,1,1060841.551620,1
1060841.543993,938,2,0,1,1060841.556654,1
1060841.549049,939,0,0,1,1060841.561715,0
1060841.554100,940,1,0,1,1060841.566749,1
1060841.558594,941,2,0,1,1060841.571266,0
1060841.563663,942,0,0,1,1060841.576314,1
1060841.568709,943,1,0,1,1060841.581372,1
1060841.573764,944,2,0,1,1060841.586486,1
1060841.578607,945,0,0,1,1060841.591253,1
1060841.582727,946,1,0,1,1060841.595369,1
1060841.587779,947,2,0,1,1060841.600441,1
1060841.592833,948,0,0,1,1060841.604177,0
1060841.597925,949,1,0,1,1060841.610571,0
1060841.602974,950,2,0,1,1060841.615648,1
1060841.607714,951,0,0,1,1060841.620420,0
1060841.612795,952,1,0,1,1060841.625445,1
1060841.617843,953,2,0,1,1060841.630511,1
1060841.622907,954,0,0,1,1060841.635592,1
1060841.627961,955,1,0,1,1060841.640725,1
1060841.633011,956,2,0,1,1060841.645389,1
1060841.638090,957,0,0,1,1060841.650804,1
1060841.643184,958,1,0,1,1060841.654155,1
1060841.648262,959,2,0,1,1060841.658516,1
1060841.653337,960,0,0,1,1060841.665999,1
1060841.658398,961,1,0,1,1060841.670849,0
1060841.663473,962,2,0,1,1060841.676132,1
1060841.668527,963,0,0,1,1060841.681186,1
1060841.673581,964,1,0,1,1060841.686293,1
1060841.677961,965,2,0,1,1060841.688193,0
1060841.683050,966,0,0,1,1060841.695713,1
1060841.688105,967,1,0,1,1060841.700785,1
1060841.693165,968,2,0,1,1060841.704182,1
1060841.698219,969,0,0,1,1060841.710900,1
1060841.703144,970,1,0,1,1060841.715797,1
1060841.708196,971,2,0,1,1060841.718486,1
1060841.713361,972,0,0,1,1060841.726017,1
1060841.718408,973,1,0,1,1060841.728582,1
1060841.723452,974,2,0,1,1060841.736124,1
1060841.728511,975,0,0,1,1060841.738717,1
1060841.733564,976,1,0,1,1060841.745339,1
1060841.738625,977,2,0,1,1060841.750592,1
1060841.743721,978,0,0,1,1060841.753953,1
1060841.748818,979,1,0,1,1060841.761243,1
1060841.753867,980,2,0,1,1060841.766523,1
1060841.758916,981,0,0,1,1060841.771564,1
1060841.763976,982,1,0,1,1060841.776638,1
1060841.769031,983,2,0,1,1060841.781698,1
1060841.774092,984,0,0,1,1060841.786523,1
1060841.779195,985,1,0,1,1060841.791855,1
1060841.784246,986,2,0,1,1060841.796902,1
1060841.789293,987,0,0,1,1060841.801943,1
1060841.794341,988,1,0,1,1060841.806411,0
1060841.799387,989,2,0,1,1060841.812011,1
1060841.804461,990,0,0,1,1060841.817187,1
1060841.809530,991,1,0,1,1060841.822189,1
1060841.814525,992,2,0,1,1060841.827181,1
1060841.819588,993,0,0,1,1060841.832210,1
1060841.824642,994,1,0,1,1060841.834807,1
1060841.829693,995,2,0,1,1060841.842361,1
1060841.834743,996,0,0,1,1060841.844986,1
1060841.839802,997,1,0,1,1060841.852461,1
1060841.844912,998,2,0,1,1060841.857573,1
1060841.849963,999,0,0,1,1060841.860158,1
1060841.855023,1000,1,0,1,1060841.865210,1
1060841.860080,1001,2,0,1,1060841.870250,1
1060841.865136,1002,0,0,1,1060841.875377,0
1060841.870191,1003,1,0,1,1060841.882858,1
1060841.875250,1004,2,0,1,1060841.887004,1
1060841.880333,1005,0,0,1,1060841.892981,1
1060841.885381,1006,1,0,1,1060841.898083,1
1060841.890425,1007,2,0,1,1060841.903246,1
1060841.895485,1008,0,0,1,1060841.906630,1
1060841.900541,1009,1,0,1,1060841.912057,1
1060841.905737,1010,2,0,1,1060841.918558,1
1060841.910893,1011,0,0,1,1060841.923035,1
1060841.916082,1012,1,0,1,1060841.928679,1
1060841.921189,1013,2,0,1,1060841.933879,0
1060841.926259,1014,0,0,1,1060841.938928,0
1060841.931317,1015,1,0,1,1060841.942599,0
1060841.936368,1016,2,0,1,1060841.947632,1
1060841.941432,1017,0,0,1,1060841.953629,1
1060841.946517,1018,1,0,1,1060841.959218,1
1060841.951574,1019,2,0,1,1060841.964240,1
1060841.956625,1020,0,0,1,1060841.966818,1
1060841.961691,1021,1,0,1,1060841.971883,1
1060841.966742,1022,2,0,1,1060841.979402,1
1060841.971792,1023,0,0,1,1060841.984532,0
1060841.976861,1024,1,0,1,1060841.989632,0
1060841.981957,1025,2,0,1,1060841.994599,1
1060841.987003,1026,0,0,1,1060841.999676,1
1060841.992069,1027,1,0,1,1060842.004193,1
1060841.997134,1028,2,0,1,1060842.008173,1
1060842.002194,1029,0,0,1,1060842.014917,1
1060842.006523,1030,1,0,1,1060842.019316,1
1060842.011693,1031,2,0,1,1060842.024384,1
1060842.016747,1032,0,0,1,1060842.029424,0
1060842.021812,1033,1,0,1,1060842.034224,1
1060842.026872,1034,2,0,1,1060842.037075,1
1060842.031946,1035,0,0,1,1060842.044611,1
1060842.036996,1036,1,0,1,1060842.049657,1
1060842.042052,1037,2,0,1,1060842.053681,1
1060842.047167,1038,0,0,1,1060842.057361,0
1060842.052220,1039,1,0,1,1060842.064878,1
1060842.057275,1040,2,0,1,1060842.067478,1
1060842.062326,1041,0,0,1,1060842.072631,1
1060842.067400,1042,1,0,1,1060842.078945,1
1060842.072461,1043,2,0,1,1060842.085212,0
1060842.077558,1044,0,0,1,1060842.090255,1
1060842.082630,1045,1,0,1,1060842.095306,1
1060842.087684,1046,2,0,1,1060842.100400,1
1060842.091854,1047,0,0,1,1060842.104216,1
1060842.096911,1048,1,0,1,1060842.109568,1
1060842.101957,1049,2,0,1,1060842.113738,0
1060842.107037,1050,0,0,1,1060842.119764,0
1060842.112128,1051,1,0,1,1060842.124789,1
1060842.117182,1052,2,0,1,1060842.129858,1
1060842.122225,1053,0,0,1,1060842.134595,0
1060842.127277,1054,1,0,1,1060842.139988,1
1060842.132325,1055,2,0,1,1060842.142521,0
1060842.137379,1056,0,0,1,1060842.150085,0
1060842.142437,1057,1,0,1,1060842.153681,1
1060842.147505,1058,2,0,1,1060842.160175,1
1060842.152568,1059,0,0,1,1060842.165210,0
1060842.157615,1060,1,0,1,1060842.167839,0
1060842.162717,1061,2,0,1,1060842.175368,1
1060842.167764,1062,0,0,1,1060842.178682,1
1060842.172820,1063,1,0,1,1060842.185526,1
1060842.177635,1064,2,0,1,1060842.190294,1
1060842.182681,1065,0,0,1,1060842.195354,1
1060842.187765,1066,1,0,1,1060842.200438,0
1060842.192810,1067,2,0,1,1060842.204220,1
1060842.197853,1068,0,0,1,1060842.209249,1
1060842.202906,1069,1,0,1,1060842.215560,1
1060842.207363,1070,2,0,1,1060842.220089,1
1060842.212456,1071,0,0,1,1060842.225111,1
1060842.217503,1072,1,0,1,1060842.228710,0
1060842.222553,1073,2,0,1,1060842.235211,1
1060842.227607,1074,0,0,1,1060842.240332,1
1060842.232670,1075,1,0,1,1060842.245173,1
1060842.237726,1076,2,0,1,1060842.250420,0
1060842.242779,1077,0,0,1,1060842.252993,1
1060842.247848,1078,1,0,1,1060842.260488,0
1060842.252899,1079,2,0,1,1060842.265585,1
1060842.257959,1080,0,0,1,1060842.270616,1
1060842.263016,1081,1,0,1,1060842.275698,0
1060842.268066,1082,2,0,1,1060842.278679,1
1060842.273118,1083,0,0,1,1060842.285868,1
1060842.278210,1084,1,0,1,1060842.288394,1
1060842.283266,1085,2,0,1,1060842.295950,0
1060842.288316,1086,0,0,1,1060842.300980,1
1060842.293372,1087,1,0,1,1060842.303548,1
1060842.298423,1088,2,0,1,1060842.308691,1
1060842.303476,1089,0,0,1,1060842.316137,1
1060842.308531,1090,1,0,1,1060842.318812,1
1060842.313686,1091,2,0,1,1060842.326330,0
1060842.318735,1092,0,0,1,1060842.331394,0
1060842.323791,1093,1,0,1,1060842.336476,1
1060842.328840,1094,2,0,1,1060842.341113,1
1060842.333893,1095,0,0,1,1060842.345355,1
1060842.338946,1096,1,0,1,1060842.351672,1
1060842.344046,1097,2,0,1,1060842.356717,1
1060842.349093,1098,0,0,1,1060842.360522,1
1060842.353684,1099,1,0,1,1060842.366343,1
1060842.358729,1100,2,0,1,1060842.371394,1
1060842.363781,1101,0,0,1,1060842.376432,1
1060842.368838,1102,1,0,1,1060842.381488,0
1060842.373900,1103,2,0,1,1060842.386652,1
1060842.378980,1104,0,0,1,1060842.389189,1
1060842.384044,1105,1,0,1,1060842.394238,1
1060842.389094,1106,2,0,1,1060842.401249,0
1060842.394163,1107,0,0,1,1060842.406890,1
1060842.399219,1108,1,0,1,1060842.409808,1
1060842.404295,1109,2,0,1,1060842.417013,1
1060842.409346,1110,0,0,1,1060842.419582,0
1060842.414410,1111,1,0,1,1060842.425903,1
1060842.419485,1112,2,0,1,1060842.432162,1
1060842.424550,1113,0,0,1,1060842.437048,1
1060842.429622,1114,1,0,1,1060842.442271,1
1060842.434673,1115,2,0,1,1060842.447336,1
1060842.439641,1116,0,0,1,1060842.452330,1
1060842.444726,1117,1,0,1,1060842.457390,1
1060842.449780,1118,2,0,1,1060842.462438,0
1060842.454826,1119,0,0,1,1060842.465019,0
1060842.459883,1120,1,0,1,1060842.472567,1
1060842.464929,1121,2,0,1,1060842.477602,1
1060842.469980,1122,0,0,1,1060842.482652,0
1060842.475031,1123,1,0,1,1060842.487011,1
1060842.480083,1124,2,0,1,1060842.491171,1
1060842.485126,1125,0,0,1,1060842.497270,1
1060842.490183,1126,1,0,1,1060842.500601,0
1060842.495232,1127,2,0,1,1060842.507900,1
1060842.500283,1128,0,0,1,1060842.512934,1
1060842.505335,1129,1,0,1,1060842.518020,1
1060842.510406,1130,2,0,1,1060842.523067,1
1060842.515455,1131,0,0,1,1060842.528117,1
1060842.520501,1132,1,0,1,1060842.533199,1
1060842.525619,1133,2,0,1,1060842.537527,1
1060842.530062,1134,0,0,1,1060842.542735,0
1060842.535122,1135,1,0,1,1060842.545374,1
1060842.540177,1136,2,0,1,1060842.550486,1
1060842.545311,1137,0,0,1,1060842.555557,1
1060842.550417,1138,1,0,1,1060842.562033,1
1060842.555470,1139,2,0,1,1060842.566851,1
1060842.560530,1140,0,0,1,1060842.573257,1
1060842.565584,1141,1,0,1,1060842.578232,1
1060842.570631,1142,2,0,1,1060842.583317,1
1060842.575676,1143,0,0,1,1060842.588342,0
1060842.580730,1144,1,0,1,1060842.593402,1
1060842.585790,1145,2,0,1,1060842.598483,1
1060842.590902,1146,0,0,1,1060842.603568,1
1060842.595970,1147,1,0,1,1060842.608626,0
1060842.601019,1148,2,0,1,1060842.613678,0
1060842.606092,1149,0,0,1,1060842.616358,1
1060842.611218,1150,1,0,1,1060842.621412,1
1060842.616274,1151,2,0,1,1060842.626468,0
1060842.621332,1152,0,0,1,1060842.634004,1
1060842.626388,1153,1,0,1,1060842.639102,1
1060842.631438,1154,2,0,1,1060842.644086,1
1060842.636484,1155,0,0,1,1060842.649158,1
1060842.641596,1156,1,0,1,1060842.654250,1
1060842.646522,1157,2,0,1,1060842.659163,1
1060842.651591,1158,0,0,1,1060842.664255,0
1060842.656665,1159,1,0,1,1060842.667919,1
1060842.661716,1160,2,0,1,1060842.671935,1
1060842.666765,1161,0,0,1,1060842.678683,1
1060842.671821,1162,1,0,1,1060842.682045,0
1060842.676901,1163,2,0,1,1060842.687093,1
1060842.681966,1164,0,0,1,1060842.692157,1
1060842.687016,1165,1,0,1,1060842.699669,1
1060842.692069,1166,2,0,1,1060842.704736,1
1060842.697131,1167,0,0,1,1060842.707721,1
1060842.702181,1168,1,0,1,1060842.713572,1
1060842.707230,1169,2,0,1,1060842.719970,1
1060842.712314,1170,0,0,1,1060842.722506,1
1060842.717367,1171,1,0,1,1060842.727558,1
1060842.722417,1172,2,0,1,1060842.735086,1
1060842.727478,1173,0,0,1,1060842.740201,1
1060842.732526,1174,1,0,1,1060842.745181,1
1060842.737573,1175,2,0,1,1060842.748093,1
1060842.742621,1176,0,0,1,1060842.753682,1
1060842.747675,1177,1,0,1,1060842.760333,1
1060842.752741,1178,2,0,1,1060842.763944,1
1060842.757789,1179,0,0,1,1060842.770392,1
1060842.762844,1180,1,0,1,1060842.775504,1
1060842.767897,1181,2,0,1,1060842.778680,1
1060842.772948,1182,0,0,1,1060842.785643,1
1060842.778038,1183,1,0,1,1060842.788218,1
1060842.783091,1184,2,0,1,1060842.795406,1
1060842.788137,1185,0,0,1,1060842.800792,0
1060842.793200,1186,1,0,1,1060842.804222,1
1060842.798251,1187,2,0,1,1060842.810915,1
1060842.803298,1188,0,0,1,1060842.814286,1
1060842.808353,1189,1,0,1,1060842.820360,1
1060842.813463,1190,2,0,1,1060842.826120,0
1060842.818510,1191,0,0,1,1060842.831188,1
1060842.823569,1192,1,0,1,1060842.836236,1
1060842.827853,1193,2,0,1,1060842.840602,1
1060842.832902,1194,0,0,1,1060842.845557,1
1060842.837948,1195,1,0,1,1060842.862044,1
1060842.843000,1196,2,0,1,1060842.865709,0
1060842.848105,1197,0,0,1,1060842.870588,1
1060842.853149,1198,1,0,1,1060842.873722,1
1060842.858194,1199,2,0,1,1060842.878285,1
1060842.863239,1200,0,0,1,1060842.883165,1
1060842.868287,1201,1,0,1,1060842.886281,1
1060842.873339,1202,2,0,1,1060842.890829,1
1060842.878208,1203,0,0,1,1060842.895719,1
1060842.883098,1204,1,0,1,1060842.898832,1
1060842.888148,1205,2,0,1,1060842.902590,1
1060842.893192,1206,0,0,1,1060842.908335,1
1060842.898235,1207,1,0,1,1060842.911393,1
1060842.903127,1208,2,0,1,1060842.915784,1
1060842.908185,1209,0,0,1,1060842.920920,1
1060842.912794,1210,1,0,1,1060842.925444,1
1060842.917838,1211,2,0,1,1060842.930484,1
1060842.922883,1212,0,0,1,1060842.933102,1
1060842.927974,1213,1,0,1,1060842.940654,1
1060842.933018,1214,2,0,1,1060842.945352,0
1060842.938081,1215,0,0,1,1060842.950772,1
1060842.943151,1216,1,0,1,1060842.953682,0
1060842.948205,1217,2,0,1,1060842.960882,1
1060842.953258,1218,0,0,1,1060842.965958,1
1060842.958313,1219,1,0,1,1060842.968508,1
1060842.963380,1220,2,0,1,1060842.976042,0
1060842.968427,1221,0,0,1,1060842.978657,1
1060842.973483,1222,1,0,1,1060842.983727,1
1060842.978584,1223,2,0,1,1060842.991253,1
1060842.983664,1224,0,0,1,1060842.995363,1
1060842.987868,1225,1,0,1,1060842.998058,1
1060842.992921,1226,2,0,1,1060843.004200,1
1060842.997975,1227,0,0,1,1060843.009269,0
1060843.003040,1228,1,0,1,1060843.015699,1
1060843.008092,1229,2,0,1,1060843.020819,1
1060843.013188,1230,0,0,1,1060843.025861,1
1060843.018235,1231,1,0,1,1060843.030891,1
1060843.023282,1232,2,0,1,1060843.035944,1
1060843.028370,1233,0,0,1,1060843.041043,1
1060843.033416,1234,1,0,1,1060843.046067,1
1060843.038459,1235,2,0,1,1060843.051123,1
1060843.043512,1236,0,0,1,1060843.056169,1
1060843.048561,1237,1,0,1,1060843.061240,1
1060843.053607,1238,2,0,1,1060843.066261,1
1060843.058665,1239,0,0,1,1060843.071326,1
1060843.063707,1240,1,0,1,1060843.074416,1
1060843.068759,1241,2,0,1,1060843.081404,1
1060843.073816,1242,0,0,1,1060843.084068,0
1060843.078933,1243,1,0,1,1060843.091606,1
1060843.083984,1244,2,0,1,1060843.096656,1
1060843.089090,1245,0,0,1,1060843.101783,0
1060843.094139,1246,1,0,1,1060843.106896,1
1060843.099189,1247,2,0,1,1060843.110016,1
1060843.103379,1248,0,0,1,1060843.116053,1
1060843.107860,1249,1,0,1,1060843.120517,1
1060843.112921,1250,2,0,1,1060843.125588,1
1060843.117973,1251,0,0,1,1060843.128179,0
1060843.123038,1252,1,0,1,1060843.133232,1
1060843.128102,1253,2,0,1,1060843.140805,1
1060843.133154,1254,0,0,1,1060843.145155,1
1060843.138210,1255,1,0,1,1060843.150887,1
1060843.143280,1256,2,0,1,1060843.155941,1
1060843.148331,1257,0,0,1,1060843.158573,1
1060843.153440,1258,1,0,1,1060843.166092,0
1060843.158493,1259,2,0,1,1060843.171166,1
1060843.163555,1260,0,0,1,1060843.176210,0
1060843.168602,1261,1,0,1,1060843.181278,1
1060843.173661,1262,2,0,1,1060843.186399,1
1060843.178775,1263,0,0,1,1060843.191428,1
1060843.183821,1264,1,0,1,1060843.196471,0
1060843.188863,1265,2,0,1,1060843.201507,0
1060843.193914,1266,0,0,1,1060843.206647,1
1060843.198972,1267,1,0,1,1060843.211619,1
1060843.204019,1268,2,0,1,1060843.214686,0
1060843.209077,1269,0,0,1,1060843.220347,1
1060843.214134,1270,1,0,1,1060843.226783,1
1060843.219190,1271,2,0,1,1060843.231848,1
1060843.224240,1272,0,0,1,1060843.236897,1
1060843.229335,1273,1,0,1,1060843.241980,1
1060843.234410,1274,2,0,1,1060843.245388,0
1060843.239465,1275,0,0,1,1060843.252154,1
1060843.244542,1276,1,0,1,1060843.257192,1
1060843.249591,1277,2,0,1,1060843.262245,1
1060843.253691,1278,0,0,1,1060843.266348,1
1060843.258742,1279,1,0,1,1060843.271408,1
1060843.263803,1280,2,0,1,1060843.274436,1
1060843.268903,1281,0,0,1,1060843.281553,1
1060843.273956,1282,1,0,1,1060843.286656,1
1060843.278622,1283,2,0,1,1060843.291285,1
1060843.283670,1284,0,0,1,1060843.296335,1
1060843.288715,1285,1,0,1,1060843.301410,1
1060843.293824,1286,2,0,1,1060843.304199,1
1060843.298867,1287,0,0,1,1060843.311525,1
1060843.303724,1288,1,0,1,1060843.316389,1
1060843.307884,1289,2,0,1,1060843.320364,1
1060843.313000,1290,0,0,1,1060843.325647,1
1060843.318046,1291,1,0,1,1060843.328723,1
1060843.323098,1292,2,0,1,1060843.335747,1
1060843.328150,1293,0,0,1,1060843.340886,1
1060843.333201,1294,1,0,1,1060843.345384,1
1060843.338255,1295,2,0,1,1060843.350601,1
1060843.343307,1296,0,0,1,1060843.355961,1
1060843.348364,1297,1,0,1,1060843.361018,1
1060843.353418,1298,2,0,1,1060843.366085,1
1060843.358471,1299,0,0,1,1060843.370906,0
1060843.363520,1300,1,0,1,1060843.373771,1
1060843.368579,1301,2,0,1,1060843.381229,0
1060843.373630,1302,0,0,1,1060843.386362,0
1060843.378719,1303,1,0,1,1060843.391372,0
1060843.383767,1304,2,0,1,1060843.395390,0
1060843.388822,1305,0,0,1,1060843.401487,1
1060843.393872,1306,1,0,1,1060843.404059,1
1060843.398926,1307,2,0,1,1060843.411027,1
1060843.403976,1308,0,0,1,1060843.416660,1
1060843.409040,1309,1,0,1,1060843.421777,1
1060843.414153,1310,2,0,1,1060843.424763,1
1060843.418892,1311,0,0,1,1060843.431596,1
1060843.423944,1312,1,0,1,1060843.436601,1
1060843.428652,1313,2,0,1,1060843.441342,1
1060843.433705,1314,0,0,1,1060843.446349,0
1060843.438766,1315,1,0,1,1060843.451425,0
1060843.443832,1316,2,0,1,1060843.456538,1
1060843.448884,1317,0,0,1,1060843.461523,0
1060843.453932,1318,1,0,1,1060843.464126,1
1060843.458992,1319,2,0,1,1060843.469185,1
1060843.464047,1320,0,0,1,1060843.474337,1
1060843.469099,1321,1,0,1,1060843.481779,1
1060843.474172,1322,2,0,1,1060843.486908,1
1060843.479277,1323,0,0,1,1060843.491934,1
1060843.484323,1324,1,0,1,1060843.496991,1
1060843.489369,1325,2,0,1,1060843.502038,0
1060843.494469,1326,0,0,1,1060843.507170,1
1060843.499513,1327,1,0,1,1060843.512167,1
1060843.504567,1328,2,0,1,1060843.517206,0
1060843.509623,1329,0,0,1,1060843.519821,1
1060843.514686,1330,1,0,1,1060843.524883,1
1060843.519736,1331,2,0,1,1060843.531228,1
1060843.524791,1332,0,0,1,1060843.537018,1
1060843.529850,1333,1,0,1,1060843.542500,1
1060843.534900,1334,2,0,1,1060843.547546,0
1060843.539958,1335,0,0,1,1060843.552660,1
1060843.545045,1336,1,0,1,1060843.557746,1
1060843.550099,1337,2,0,1,1060843.562035,1
1060843.555151,1338,0,0,1,1060843.567816,0
1060843.560215,1339,1,0,1,1060843.570876,1
1060843.565261,1340,2,0,1,1060843.577926,1
1060843.570311,1341,0,0,1,1060843.582999,1
1060843.574539,1342,1,0,1,1060843.587393,0
1060843.579659,1343,2,0,1,1060843.592328,1
1060843.584716,1344,0,0,1,1060843.595943,1
1060843.589786,1345,1,0,1,1060843.599992,1
1060843.594858,1346,2,0,1,1060843.607612,1
1060843.599911,1347,0,0,1,1060843.612593,1
1060843.604963,1348,1,0,1,1060843.617266,1
1060843.610023,1349,2,0,1,1060843.621517,1
1060843.615082,1350,0,0,1,1060843.627753,1
1060843.620133,1351,1,0,1,1060843.632787,1
1060843.625188,1352,2,0,1,1060843.637846,1
1060843.630233,1353,0,0,1,1060843.641195,0
1060843.635289,1354,1,0,1,1060843.645533,1
1060843.640346,1355,2,0,1,1060843.653089,1
1060843.645457,1356,0,0,1,1060843.658161,1
1060843.650513,1357,1,0,1,1060843.663171,0
1060843.655579,1358,2,0,1,1060843.668227,0
1060843.659878,1359,0,0,1,1060843.670876,1
1060843.664926,1360,1,0,1,1060843.677572,0
1060843.669972,1361,2,0,1,1060843.680776,1
1060843.675030,1362,0,0,1,1060843.687757,1
1060843.680123,1363,1,0,1,1060843.692783,1
1060843.685180,1364,2,0,1,1060843.695945,1
1060843.689694,1365,0,0,1,1060843.702361,0
1060843.694747,1366,1,0,1,1060843.707428,1
1060843.699792,1367,2,0,1,1060843.712031,1
1060843.704849,1368,0,0,1,1060843.717521,1
1060843.709922,1369,1,0,1,1060843.722571,1
1060843.714984,1370,2,0,1,1060843.727641,1
1060843.720044,1371,0,0,1,1060843.732749,0
1060843.725100,1372,1,0,1,1060843.737586,1
1060843.730164,1373,2,0,1,1060843.742851,1
1060843.735212,1374,0,0,1,1060843.747890,1
1060843.740274,1375,1,0,1,1060843.753045,1
1060843.745391,1376,2,0,1,1060843.755583,1
1060843.750446,1377,0,0,1,1060843.760655,1
1060843.755500,1378,1,0,1,1060843.765698,1
1060843.760570,1379,2,0,1,1060843.770875,0
1060843.765623,1380,0,0,1,1060843.778286,1
1060843.770669,1381,1,0,1,1060843.783336,1
1060843.775745,1382,2,0,1,1060843.788462,1
1060843.780832,1383,0,0,1,1060843.793485,1
1060843.785898,1384,1,0,1,1060843.799850,1
1060843.790812,1385,2,0,1,1060843.803437,1
1060843.796351,1386,0,0,1,1060843.811845,1
1060843.801550,1387,1,0,1,1060843.814249,1
1060843.806619,1388,2,0,1,1060843.819309,1
1060843.811733,1389,0,0,1,1060843.821969,1
1060843.816807,1390,1,0,1,1060843.827021,0
1060843.821864,1391,2,0,1,1060843.834561,1
1060843.826940,1392,0,0,1,1060843.837134,1
1060843.831991,1393,1,0,1,1060843.844660,1
1060843.837049,1394,2,0,1,1060843.849723,1
1060843.841904,1395,0,0,1,1060843.853750,1
1060843.847117,1396,1,0,1,1060843.859869,0
1060843.851866,1397,2,0,1,1060843.863740,1
1060843.856954,1398,0,0,1,1060843.867706,1
1060843.862098,1399,1,0,1,1060843.874769,1
1060843.867146,1400,2,0,1,1060843.879815,1
1060843.872175,1401,0,0,1,1060843.884828,1
1060843.877204,1402,1,0,1,1060843.889855,1
1060843.882229,1403,2,0,1,1060843.894856,1
1060843.887255,1404,0,0,1,1060843.899899,0
1060843.892278,1405,1,0,1,1060843.904915,1
1060843.897299,1406,2,0,1,1060843.909924,1
1060843.902319,1407,0,0,1,1060843.914945,0
1060843.907340,1408,1,0,1,1060843.920001,1
1060843.912357,1409,2,0,1,1060843.924998,1
1060843.917376,1410,0,0,1,1060843.930008,1
1060843.922395,1411,1,0,1,1060843.935028,1
1060843.927416,1412,2,0,1,1060843.940090,1
1060843.932436,1413,0,0,1,1060843.945072,0
1060843.937457,1414,1,0,1,1060843.950113,1
1060843.942478,1415,2,0,1,1060843.955176,1
1060843.947498,1416,0,0,1,1060843.960147,1
1060843.952520,1417,1,0,1,1060843.965162,1
1060843.957541,1418,2,0,1,1060843.970200,1
1060843.962574,1419,0,0,1,1060843.975254,1
1060843.967624,1420,1,0,1,1060843.980308,1
1060843.972676,1421,2,0,1,1060843.985405,1
1060843.977724,1422,0,0,1,1060843.990406,1
1060843.982765,1423,1,0,1,1060843.995446,1
1060843.987788,1424,2,0,1,1060844.000487,0
1060843.992811,1425,0,0,1,1060844.005529,1
1060843.997836,1426,1,0,1,1060844.010501,1
1060844.002864,1427,2,0,1,1060844.015554,1
1060844.007899,1428,0,0,1,1060844.020615,1
1060844.012948,1429,1,0,1,1060844.025721,0
1060844.017997,1430,2,0,1,1060844.030775,1
1060844.023046,1431,0,0,1,1060844.035793,1
1060844.028104,1432,1,0,1,1060844.039575,1
1060844.033198,1433,2,0,1,1060844.045379,1
1060844.037458,1434,0,0,1,1060844.049332,1
1060844.042572,1435,1,0,1,1060844.055241,0
1060844.047634,1436,2,0,1,1060844.060317,1
1060844.052684,1437,0,0,1,1060844.065332,1
1060844.057739,1438,1,0,1,1060844.070352,1
1060844.062798,1439,2,0,1,1060844.075516,1
1060844.067855,1440,0,0,1,1060844.080513,1
1060844.072909,1441,1,0,1,1060844.085614,1
1060844.077991,1442,2,0,1,1060844.090664,1
1060844.083055,1443,0,0,1,1060844.095376,1
1060844.088119,1444,1,0,1,1060844.098327,1
1060844.093179,1445,2,0,1,1060844.105902,1
1060844.098237,1446,0,0,1,1060844.110948,1
1060844.103308,1447,1,0,1,1060844.115972,1
1060844.107869,1448,2,0,1,1060844.120585,1
1060844.112982,1449,0,0,1,1060844.125643,1
1060844.118038,1450,1,0,1,1060844.129277,1
1060844.123101,1451,2,0,1,1060844.135759,1
1060844.128151,1452,0,0,1,1060844.140071,1
1060844.133211,1453,1,0,1,1060844.145872,1
1060844.138275,1454,2,0,1,1060844.150605,1
1060844.143348,1455,0,0,1,1060844.156053,1
1060844.148425,1456,1,0,1,1060844.158702,1
1060844.153552,1457,2,0,1,1060844.163762,1
1060844.158613,1458,0,0,1,1060844.168808,0
1060844.163670,1459,1,0,1,1060844.173935,1
1060844.168729,1460,2,0,1,1060844.180980,1
1060844.173792,1461,0,0,1,1060844.184109,1
1060844.178966,1462,1,0,1,1060844.190468,1
1060844.184019,1463,2,0,1,1060844.196716,1
1060844.189083,1464,0,0,1,1060844.201741,0
1060844.194135,1465,1,0,1,1060844.206884,0
1060844.199184,1466,2,0,1,1060844.211839,1
1060844.204232,1467,0,0,1,1060844.214449,1
1060844.209301,1468,1,0,1,1060844.221958,1
1060844.214363,1469,2,0,1,1060844.227045,0
1060844.219421,1470,0,0,1,1060844.232097,1
1060844.224478,1471,1,0,1,1060844.237136,1
1060844.229532,1472,2,0,1,1060844.239758,1
1060844.234585,1473,0,0,1,1060844.246604,1
1060844.239641,1474,1,0,1,1060844.252339,1
1060844.244723,1475,2,0,1,1060844.257365,0
1060844.249775,1476,0,0,1,1060844.259963,0
1060844.254827,1477,1,0,1,1060844.267475,1
1060844.259882,1478,2,0,1,1060844.272652,1
1060844.264633,1479,0,0,1,1060844.277275,1
1060844.268690,1480,1,0,1,1060844.281351,1
1060844.273744,1481,2,0,1,1060844.286403,1
1060844.278797,1482,0,0,1,1060844.291448,1
1060844.283897,1483,1,0,1,1060844.296563,1
1060844.288941,1484,2,0,1,1060844.301594,1
1060844.293983,1485,0,0,1,1060844.306682,1
1060844.299025,1486,1,0,1,1060844.311684,1
1060844.303686,1487,2,0,1,1060844.316336,1
1060844.308793,1488,0,0,1,1060844.321452,1
1060844.313846,1489,1,0,1,1060844.326495,1
1060844.318889,1490,2,0,1,1060844.330584,1
1060844.323934,1491,0,0,1,1060844.336596,0
1060844.328984,1492,1,0,1,1060844.339316,1
1060844.334044,1493,2,0,1,1060844.346755,1
1060844.339102,1494,0,0,1,1060844.351879,0
1060844.344183,1495,1,0,1,1060844.356857,1
1060844.349263,1496,2,0,1,1060844.361912,1
1060844.354312,1497,0,0,1,1060844.366981,1
1060844.359380,1498,1,0,1,1060844.372043,0
1060844.364445,1499,2,0,1,1060844.377126,1
1060844.369510,1500,0,0,1,1060844.382179,1
1060844.374577,1501,1,0,1,1060844.387372,1
1060844.379649,1502,2,0,1,1060844.392316,1
1060844.384748,1503,0,0,1,1060844.397414,1
1060844.389792,1504,1,0,1,1060844.401981,1
1060844.394837,1505,2,0,1,1060844.407548,1
1060844.399881,1506,0,0,1,1060844.412550,0
1060844.404933,1507,1,0,1,1060844.417608,1
1060844.410003,1508,2,0,1,1060844.420206,1
1060844.415064,1509,0,0,1,1060844.427705,1
1060844.420115,1510,1,0,1,1060844.430319,0
1060844.425186,1511,2,0,1,1060844.437840,1
1060844.430237,1512,0,0,1,1060844.440515,1
1060844.435296,1513,1,0,1,1060844.447106,1
1060844.440375,1514,2,0,1,1060844.453124,1
1060844.445471,1515,0,0,1,1060844.458123,1
1060844.450365,1516,1,0,1,1060844.460541,1
1060844.455417,1517,2,0,1,1060844.468092,1
1060844.460474,1518,0,0,1,1060844.470678,1
1060844.465550,1519,1,0,1,1060844.475793,1
1060844.470604,1520,2,0,1,1060844.483266,1
1060844.475660,1521,0,0,1,1060844.488375,1
1060844.480756,1522,1,0,1,1060844.493411,1
1060844.485807,1523,2,0,1,1060844.498456,1
1060844.490857,1524,0,0,1,1060844.503505,1
1060844.495904,1525,1,0,1,1060844.507912,1
1060844.500947,1526,2,0,1,1060844.513595,1
1060844.506008,1527,0,0,1,1060844.518751,1
1060844.511154,1528,1,0,1,1060844.523832,0
1060844.515510,1529,2,0,1,1060844.528166,1
1060844.520572,1530,0,0,1,1060844.531009,1
1060844.525619,1531,1,0,1,1060844.538281,1
1060844.530669,1532,2,0,1,1060844.543321,1
1060844.535720,1533,0,0,1,1060844.548398,0
1060844.540774,1534,1,0,1,1060844.553454,0
1060844.545842,1535,2,0,1,1060844.558518,1
1060844.550899,1536,0,0,1,1060844.563564,1
1060844.555875,1537,1,0,1,1060844.568520,0
1060844.560928,1538,2,0,1,1060844.573618,1
1060844.565981,1539,0,0,1,1060844.577271,1
1060844.571028,1540,1,0,1,1060844.583670,1
1060844.576081,1541,2,0,1,1060844.588774,0
1060844.581140,1542,0,0,1,1060844.593783,0
1060844.586196,1543,1,0,1,1060844.598612,1
1060844.591247,1544,2,0,1,1060844.601438,1
1060844.596305,1545,0,0,1,1060844.607655,1
1060844.601356,1546,1,0,1,1060844.612031,1
1060844.606142,1547,2,0,1,1060844.618853,1
1060844.611246,1548,0,0,1,1060844.623902,1
1060844.616298,1549,1,0,1,1060844.628715,0
1060844.621344,1550,2,0,1,1060844.632068,1
1060844.626459,1551,0,0,1,1060844.637553,1
1060844.631509,1552,1,0,1,1060844.644177,0
1060844.636572,1553,2,0,1,1060844.649213,1
1060844.641226,1554,0,0,1,1060844.653155,1
1060844.646330,1555,1,0,1,1060844.659019,1
1060844.651445,1556,2,0,1,1060844.664114,1
1060844.656491,1557,0,0,1,1060844.669150,1
1060844.661547,1558,1,0,1,1060844.674259,1
1060844.666594,1559,2,0,1,1060844.678707,1
1060844.671638,1560,0,0,1,1060844.681845,1
1060844.676696,1561,1,0,1,1060844.689354,1
1060844.681755,1562,2,0,1,1060844.691948,1
1060844.686806,1563,0,0,1,1060844.697012,0
1060844.691873,1564,1,0,1,1060844.703207,1
1060844.696929,1565,2,0,1,1060844.707175,1
1060844.701991,1566,0,0,1,1060844.714651,0
1060844.707048,1567,1,0,1,1060844.719764,1
1060844.712137,1568,2,0,1,1060844.724792,0
1060844.717185,1569,0,0,1,1060844.728716,1
1060844.722241,1570,1,0,1,1060844.733205,0
1060844.727349,1571,2,0,1,1060844.737552,1
1060844.732408,1572,0,0,1,1060844.745072,1
1060844.737460,1573,1,0,1,1060844.750163,1
1060844.742539,1574,2,0,1,1060844.755262,1
1060844.747660,1575,0,0,1,1060844.757825,1
1060844.752712,1576,1,0,1,1060844.762908,1
1060844.757764,1577,2,0,1,1060844.770423,1
1060844.762822,1578,0,0,1,1060844.775495,1
1060844.767885,1579,1,0,1,1060844.780532,1
1060844.772931,1580,2,0,1,1060844.783142,0
1060844.778014,1581,0,0,1,1060844.788237,1
1060844.783066,1582,1,0,1,1060844.793286,1
1060844.788156,1583,2,0,1,1060844.800826,0
1060844.793216,1584,0,0,1,1060844.805406,1
1060844.798267,1585,1,0,1,1060844.810940,1
1060844.803326,1586,2,0,1,1060844.815984,1
1060844.807837,1587,0,0,1,1060844.818094,1
1060844.812910,1588,1,0,1,1060844.825570,1
1060844.818016,1589,2,0,1,1060844.830686,0
1060844.822551,1590,0,0,1,1060844.832740,1
1060844.827609,1591,1,0,1,1060844.840303,1
1060844.832661,1592,2,0,1,1060844.843943,1
1060844.837708,1593,0,0,1,1060844.850370,1
1060844.842767,1594,1,0,1,1060844.853333,0
1060844.847813,1595,2,0,1,1060844.860479,1
1060844.852862,1596,0,0,1,1060844.865507,1
1060844.857912,1597,1,0,1,1060844.870578,1
1060844.862974,1598,2,0,1,1060844.873204,1
1060844.868026,1599,0,0,1,1060844.880692,1
1060844.873086,1600,1,0,1,1060844.885810,1
1060844.878163,1601,2,0,1,1060844.888406,1
1060844.883278,1602,0,0,1,1060844.895963,1
1060844.888323,1603,1,0,1,1060844.900980,1
1060844.893384,1604,2,0,1,1060844.906126,1
1060844.898436,1605,0,0,1,1060844.911087,1
1060844.903484,1606,1,0,1,1060844.916144,0
1060844.908531,1607,2,0,1,1060844.921238,1
1060844.913600,1608,0,0,1,1060844.926248,1
1060844.918644,1609,1,0,1,1060844.931293,0
1060844.923687,1610,2,0,1,1060844.936347,1
1060844.928733,1611,0,0,1,1060844.941426,1
1060844.933786,1612,1,0,1,1060844.946436,1
1060844.938833,1613,2,0,1,1060844.951497,1
1060844.943891,1614,0,0,1,1060844.956551,1
1060844.948938,1615,1,0,1,1060844.961277,1
1060844.953362,1616,2,0,1,1060844.966021,1
1060844.958410,1617,0,0,1,1060844.971056,0
1060844.963454,1618,1,0,1,1060844.976114,1
1060844.968502,1619,2,0,1,1060844.981158,1
1060844.973569,1620,0,0,1,1060844.986298,1
1060844.978683,1621,1,0,1,1060844.988876,1
1060844.983733,1622,2,0,1,1060844.996386,1
1060844.988788,1623,0,0,1,1060845.001470,1
1060844.993840,1624,1,0,1,1060845.006566,1
1060844.998896,1625,2,0,1,1060845.011535,1
1060845.003888,1626,0,0,1,1060845.014053,1
1060845.008943,1627,1,0,1,1060845.021644,1
1060845.014002,1628,2,0,1,1060845.025283,0
1060845.019102,1629,0,0,1,1060845.029293,1
1060845.024159,1630,1,0,1,1060845.035957,1
1060845.029205,1631,2,0,1,1060845.041896,1
1060845.034266,1632,0,0,1,1060845.045373,1
1060845.039361,1633,1,0,1,1060845.049635,0
1060845.044473,1634,2,0,1,1060845.054681,1
1060845.049534,1635,0,0,1,1060845.061744,1
1060845.054604,1636,1,0,1,1060845.067259,1
1060845.059662,1637,2,0,1,1060845.072372,1
1060845.064720,1638,0,0,1,1060845.074908,1
1060845.069772,1639,1,0,1,1060845.082412,1
1060845.074824,1640,2,0,1,1060845.087503,1
1060845.079880,1641,0,0,1,1060845.092551,1
1060845.084940,1642,1,0,1,1060845.097600,1
1060845.089986,1643,2,0,1,1060845.101117,1
1060845.095037,1644,0,0,1,1060845.107712,1
1060845.100084,1645,1,0,1,1060845.112065,1
1060845.105153,1646,2,0,1,1060845.115341,0
1060845.110206,1647,0,0,1,1060845.122922,1
1060845.115261,1648,1,0,1,1060845.125439,0
1060845.120319,1649,2,0,1,1060845.130501,1
1060845.125370,1650,0,0,1,1060845.137840,1
1060845.130420,1651,1,0,1,1060845.140654,1
1060845.135475,1652,2,0,1,1060845.146777,1
1060845.140538,1653,0,0,1,1060845.152175,1
1060845.145620,1654,1,0,1,1060845.157040,1
1060845.150678,1655,2,0,1,1060845.160977,0
1060845.155794,1656,0,0,1,1060845.168504,1
1060845.160902,1657,1,0,1,1060845.173579,0
1060845.165955,1658,2,0,1,1060845.178622,1
1060845.171017,1659,0,0,1,1060845.183690,1
1060845.176083,1660,1,0,1,1060845.187042,1
1060845.181177,1661,2,0,1,1060845.193828,0
1060845.186228,1662,0,0,1,1060845.198895,1
1060845.191283,1663,1,0,1,1060845.203933,1
1060845.195884,1664,2,0,1,1060845.208562,1
1060845.200940,1665,0,0,1,1060845.212059,1
1060845.206033,1666,1,0,1,1060845.218716,1
1060845.211116,1667,2,0,1,1060845.223781,1
1060845.216177,1668,0,0,1,1060845.228732,1
1060845.221228,1669,1,0,1,1060845.233887,0
1060845.226277,1670,2,0,1,1060845.238766,0
1060845.231334,1671,0,0,1,1060845.243986,1
1060845.236381,1672,1,0,1,1060845.247255,1
1060845.241039,1673,2,0,1,1060845.253727,0
1060845.246169,1674,0,0,1,1060845.258822,1
1060845.251219,1675,1,0,1,1060845.262057,1
1060845.256269,1676,2,0,1,1060845.268924,1
1060845.261320,1677,0,0,1,1060845.274036,1
1060845.265940,1678,1,0,1,1060845.278594,1
1060845.270839,1679,2,0,1,1060845.283528,0
1060845.275916,1680,0,0,1,1060845.286106,1
1060845.280974,1681,1,0,1,1060845.291950,0
1060845.286024,1682,2,0,1,1060845.298686,0
1060845.291077,1683,0,0,1,1060845.303352,1
1060845.296131,1684,1,0,1,1060845.308806,0
1060845.301179,1685,2,0,1,1060845.313823,1
1060845.305315,1686,0,0,1,1060845.318004,1
1060845.310385,1687,1,0,1,1060845.323035,1
1060845.315429,1688,2,0,1,1060845.328081,1
1060845.320480,1689,0,0,1,1060845.333132,1
1060845.325523,1690,1,0,1,1060845.338176,1
1060845.330570,1691,2,0,1,1060845.343225,1
1060845.335617,1692,0,0,1,1060845.347615,1
1060845.340672,1693,1,0,1,1060845.353355,1
1060845.345745,1694,2,0,1,1060845.358443,0
1060845.350797,1695,0,0,1,1060845.363448,1
1060845.355856,1696,1,0,1,1060845.368514,0
1060845.360930,1697,2,0,1,1060845.371129,1
1060845.365980,1698,0,0,1,1060845.377276,1
1060845.371046,1699,1,0,1,1060845.383707,0
1060845.376110,1700,2,0,1,1060845.388833,1
1060845.381199,1701,0,0,1,1060845.393837,0
1060845.386249,1702,1,0,1,1060845.398898,0
1060845.391308,1703,2,0,1,1060845.403408,1
1060845.396363,1704,0,0,1,1060845.407024,1
1060845.401413,1705,1,0,1,1060845.411645,0
1060845.406468,1706,2,0,1,1060845.417195,1
1060845.411562,1707,0,0,1,1060845.421757,0
1060845.416621,1708,1,0,1,1060845.429262,1
1060845.421670,1709,2,0,1,1060845.434338,1
1060845.426728,1710,0,0,1,1060845.439475,1
1060845.431797,1711,1,0,1,1060845.444469,1
1060845.436853,1712,2,0,1,1060845.447704,1
1060845.441899,1713,0,0,1,1060845.454577,0
1060845.447024,1714,1,0,1,1060845.459677,1
1060845.451883,1715,2,0,1,1060845.463083,1
1060845.456933,1716,0,0,1,1060845.469601,1
1060845.461996,1717,1,0,1,1060845.473284,1
1060845.467058,1718,2,0,1,1060845.479699,0
1060845.472114,1719,0,0,1,1060845.484826,1
1060845.477187,1720,1,0,1,1060845.489832,1
1060845.482245,1721,2,0,1,1060845.494907,1
1060845.487292,1722,0,0,1,1060845.499952,1
1060845.492358,1723,1,0,1,1060845.505002,0
1060845.497405,1724,2,0,1,1060845.509145,0
1060845.502476,1725,0,0,1,1060845.515135,0
1060845.507540,1726,1,0,1,1060845.520274,1
1060845.511983,1727,2,0,1,1060845.524632,1
1060845.517035,1728,0,0,1,1060845.529702,0
1060845.521625,1729,1,0,1,1060845.534267,1
1060845.526672,1730,2,0,1,1060845.539540,1
1060845.531737,1731,0,0,1,1060845.544391,0
1060845.536788,1732,1,0,1,1060845.549445,1
1060845.541835,1733,2,0,1,1060845.554505,1
1060845.546911,1734,0,0,1,1060845.559582,1
1060845.551957,1735,1,0,1,1060845.564606,1
1060845.557002,1736,2,0,1,1060845.569667,1
1060845.562059,1737,0,0,1,1060845.574725,1
1060845.567114,1738,1,0,1,1060845.579772,0
1060845.572175,1739,2,0,1,1060845.584854,0
1060845.577259,1740,0,0,1,1060845.589913,1
1060845.582314,1741,1,0,1,1060845.594958,1
1060845.587364,1742,2,0,1,1060845.600087,1
1060845.592098,1743,0,0,1,1060845.604764,1
1060845.597150,1744,1,0,1,1060845.607649,0
1060845.601216,1745,2,0,1,1060845.613870,0
1060845.606290,1746,0,0,1,1060845.618982,1
1060845.611360,1747,1,0,1,1060845.624016,1
1060845.616403,1748,2,0,1,1060845.629065,1
1060845.621451,1749,0,0,1,1060845.634101,1
1060845.626500,1750,1,0,1,1060845.639278,1
1060845.631542,1751,2,0,1,1060845.644191,1
1060845.636586,1752,0,0,1,1060845.649227,1
1060845.640980,1753,1,0,1,1060845.653635,0
1060845.646041,1754,2,0,1,1060845.658705,1
1060845.651097,1755,0,0,1,1060845.661715,1
1060845.656153,1756,1,0,1,1060845.668822,1
1060845.661207,1757,2,0,1,1060845.673873,1
1060845.666267,1758,0,0,1,1060845.678940,1
1060845.671330,1759,1,0,1,1060845.684003,1
1060845.675893,1760,2,0,1,1060845.688650,1
1060845.680973,1761,0,0,1,1060845.693621,1
1060845.686018,1762,1,0,1,1060845.698510,0
1060845.691101,1763,2,0,1,1060845.703772,1
1060845.696160,1764,0,0,1,1060845.708855,0
1060845.701231,1765,1,0,1,1060845.713873,1
1060845.706284,1766,2,0,1,1060845.716582,1
1060845.711443,1767,0,0,1,1060845.721652,1
1060845.716500,1768,1,0,1,1060845.728756,1
1060845.721557,1769,2,0,1,1060845.734223,1
1060845.726621,1770,0,0,1,1060845.737564,1
1060845.731672,1771,1,0,1,1060845.744339,1
1060845.736728,1772,2,0,1,1060845.749377,1
1060845.740930,1773,0,0,1,1060845.753679,1
1060845.746037,1774,1,0,1,1060845.758686,1
1060845.751083,1775,2,0,1,1060845.763746,0
1060845.756126,1776,0,0,1,1060845.768778,1
1060845.761170,1777,1,0,1,1060845.773909,1
1060845.766224,1778,2,0,1,1060845.778770,1
1060845.771280,1779,0,0,1,1060845.781484,1
1060845.776338,1780,1,0,1,1060845.786537,1
1060845.781403,1781,2,0,1,1060845.793302,1
1060845.786457,1782,0,0,1,1060845.796661,1
1060845.791517,1783,1,0,1,1060845.804160,0
1060845.796577,1784,2,0,1,1060845.806841,1
1060845.801643,1785,0,0,1,1060845.813791,1
1060845.806707,1786,1,0,1,1060845.819278,1
1060845.811812,1787,2,0,1,1060845.822012,1
1060845.816876,1788,0,0,1,1060845.829527,1
1060845.821930,1789,1,0,1,1060845.832120,0
1060845.826984,1790,2,0,1,1060845.839684,1
1060845.832042,1791,0,0,1,1060845.843554,1
1060845.837108,1792,1,0,1,1060845.847261,1
1060845.842183,1793,2,0,1,1060845.864808,0
1060845.846555,1794,0,0,1,1060845.868683,0
1060845.851429,1795,1,0,1,1060845.870897,1
1060845.856473,1796,2,0,1,1060845.877360,1
1060845.861548,1797,0,0,1,1060845.880768,1
1060845.865946,1798,1,0,1,1060845.883449,1
1060845.870992,1799,2,0,1,1060845.889935,1
1060845.876041,1800,0,0,1,1060845.893320,1
1060845.880691,1801,1,0,1,1060845.895918,1
1060845.885749,1802,2,0,1,1060845.902495,1
1060845.890795,1803,0,0,1,1060845.905925,1
1060845.895844,1804,1,0,1,1060845.908515,1
1060845.900889,1805,2,0,1,1060845.915076,0
1060845.905820,1806,0,0,1,1060845.917162,0
1060845.910886,1807,1,0,1,1060845.923563,1
1060845.915943,1808,2,0,1,1060845.928611,1
1060845.920317,1809,0,0,1,1060845.932965,0
1060845.925368,1810,1,0,1,1060845.938014,1
1060845.930417,1811,2,0,1,1060845.943070,1
1060845.935471,1812,0,0,1,1060845.948130,0
1060845.940549,1813,1,0,1,1060845.953248,1
1060845.945619,1814,2,0,1,1060845.958291,1
1060845.950667,1815,0,0,1,1060845.963318,1
1060845.955716,1816,1,0,1,1060845.968293,1
1060845.960773,1817,2,0,1,1060845.973473,1
1060845.965814,1818,0,0,1,1060845.978500,1
1060845.970862,1819,1,0,1,1060845.983520,1
1060845.975908,1820,2,0,1,1060845.988577,1
1060845.980961,1821,0,0,1,1060845.993613,0
1060845.986009,1822,1,0,1,1060845.998659,1
1060845.991055,1823,2,0,1,1060846.003765,1
1060845.996138,1824,0,0,1,1060846.006449,1
1060846.001200,1825,1,0,1,1060846.012056,1
1060846.006278,1826,2,0,1,1060846.019071,1
1060846.011497,1827,0,0,1,1060846.021711,1
1060846.016577,1828,1,0,1,1060846.028803,1
1060846.021625,1829,2,0,1,1060846.034347,1
1060846.026680,1830,0,0,1,1060846.039542,1
1060846.031752,1831,1,0,1,1060846.044403,1
1060846.036804,1832,2,0,1,1060846.049456,1
1060846.041853,1833,0,0,1,1060846.054514,1
1060846.046585,1834,1,0,1,1060846.058718,1
1060846.051630,1835,2,0,1,1060846.063097,0
1060846.056684,1836,0,0,1,1060846.069278,1
1060846.061735,1837,1,0,1,1060846.074419,1
1060846.066782,1838,2,0,1,1060846.078700,1
1060846.070833,1839,0,0,1,1060846.083465,1
1060846.075864,1840,1,0,1,1060846.088505,1
1060846.080909,1841,2,0,1,1060846.093559,0
1060846.085962,1842,0,0,1,1060846.098603,0
1060846.091016,1843,1,0,1,1060846.102646,1
1060846.095612,1844,2,0,1,1060846.108275,0
1060846.100667,1845,0,0,1,1060846.113282,0
1060846.105727,1846,1,0,1,1060846.118441,1
1060846.110821,1847,2,0,1,1060846.123485,0
1060846.115879,1848,0,0,1,1060846.128545,0
1060846.120319,1849,1,0,1,1060846.132971,0
1060846.125367,1850,2,0,1,1060846.137579,1
1060846.130416,1851,0,0,1,1060846.143077,1
1060846.134552,1852,1,0,1,1060846.147210,1
1060846.139610,1853,2,0,1,1060846.152333,1
1060846.144701,1854,0,0,1,1060846.157358,1
1060846.149749,1855,1,0,1,1060846.162411,1
1060846.154812,1856,2,0,1,1060846.167466,0
1060846.159870,1857,0,0,1,1060846.172557,1
1060846.164924,1858,1,0,1,1060846.177624,1
1060846.169273,1859,2,0,1,1060846.181931,1
1060846.174322,1860,0,0,1,1060846.186988,1
1060846.178657,1861,1,0,1,1060846.191314,1
1060846.183712,1862,2,0,1,1060846.196354,1
1060846.187905,1863,0,0,1,1060846.200570,1
1060846.192957,1864,1,0,1,1060846.204233,1
1060846.198072,1865,2,0,1,1060846.210482,1
1060846.203118,1866,0,0,1,1060846.215773,1
1060846.208167,1867,1,0,1,1060846.219961,1
1060846.213250,1868,2,0,1,1060846.225898,1
1060846.218293,1869,0,0,1,1060846.228731,1
1060846.223398,1870,1,0,1,1060846.236060,1
1060846.228450,1871,2,0,1,1060846.241117,1
1060846.233499,1872,0,0,1,1060846.243728,1
1060846.238572,1873,1,0,1,1060846.251232,0
1060846.243634,1874,2,0,1,1060846.256311,1
1060846.248690,1875,0,0,1,1060846.261347,0
1060846.253744,1876,1,0,1,1060846.266409,1
1060846.258789,1877,2,0,1,1060846.271452,0
1060846.263830,1878,0,0,1,1060846.276499,1
1060846.268883,1879,1,0,1,1060846.281548,1
1060846.273959,1880,2,0,1,1060846.286686,1
1060846.278657,1881,0,0,1,1060846.291319,1
1060846.283703,1882,1,0,1,1060846.296381,0
1060846.288778,1883,2,0,1,1060846.301482,0
1060846.293853,1884,0,0,1,1060846.306661,1
1060846.298966,1885,1,0,1,1060846.311626,1
1060846.304018,1886,2,0,1,1060846.316696,1
1060846.309085,1887,0,0,1,1060846.321751,1
1060846.314148,1888,1,0,1,1060846.326635,0
1060846.319206,1889,2,0,1,1060846.331899,1
1060846.324303,1890,0,0,1,1060846.336958,1
1060846.329350,1891,1,0,1,1060846.341076,1
1060846.334406,1892,2,0,1,1060846.347052,1
1060846.339458,1893,0,0,1,1060846.352200,1
1060846.344569,1894,1,0,1,1060846.357217,1
1060846.349166,1895,2,0,1,1060846.361821,0
1060846.354216,1896,0,0,1,1060846.366865,1
1060846.359265,1897,1,0,1,1060846.371967,1
1060846.364309,1898,2,0,1,1060846.376212,1
1060846.369354,1899,0,0,1,1060846.382040,0
1060846.374444,1900,1,0,1,1060846.387116,1
1060846.379510,1901,2,0,1,1060846.392201,1
1060846.384573,1902,0,0,1,1060846.395401,1
1060846.389618,1903,1,0,1,1060846.402268,1
1060846.394667,1904,2,0,1,1060846.407375,1
1060846.399729,1905,0,0,1,1060846.412378,1
1060846.404180,1906,1,0,1,1060846.416828,1
1060846.409234,1907,2,0,1,1060846.419421,1
1060846.414292,1908,0,0,1,1060846.424512,1
1060846.419345,1909,1,0,1,1060846.432018,1
1060846.424398,1910,2,0,1,1060846.437061,1
1060846.428674,1911,0,0,1,1060846.441207,1
1060846.433724,1912,1,0,1,1060846.445387,0
1060846.438780,1913,2,0,1,1060846.451466,1
1060846.443843,1914,0,0,1,1060846.456501,0
1060846.448889,1915,1,0,1,1060846.461547,1
1060846.453952,1916,2,0,1,1060846.466636,1
1060846.459000,1917,0,0,1,1060846.470907,1
1060846.464101,1918,1,0,1,1060846.475964,1
1060846.469145,1919,2,0,1,1060846.480899,1
1060846.474221,1920,0,0,1,1060846.486919,0
1060846.478658,1921,1,0,1,1060846.491301,0
1060846.482972,1922,2,0,1,1060846.495619,0
1060846.488020,1923,0,0,1,1060846.500675,1
1060846.493067,1924,1,0,1,1060846.505743,1
1060846.497242,1925,2,0,1,1060846.507429,1
1060846.502305,1926,0,0,1,1060846.515011,1
1060846.507352,1927,1,0,1,1060846.520017,1
1060846.512422,1928,2,0,1,1060846.525112,1
1060846.517478,1929,0,0,1,1060846.530135,0
1060846.522531,1930,1,0,1,1060846.535173,1
1060846.527558,1931,2,0,1,1060846.540008,0
1060846.532609,1932,0,0,1,1060846.545255,1
1060846.537666,1933,1,0,1,1060846.550311,0
1060846.542717,1934,2,0,1,1060846.553718,1
1060846.547779,1935,0,0,1,1060846.557968,1
1060846.552829,1936,1,0,1,1060846.565489,1
1060846.557885,1937,2,0,1,1060846.570548,1
1060846.562016,1938,0,0,1,1060846.574716,1
1060846.567073,1939,1,0,1,1060846.578733,0
1060846.572127,1940,2,0,1,1060846.582405,1
1060846.577268,1941,0,0,1,1060846.589325,1
1060846.582317,1942,1,0,1,1060846.594984,0
1060846.587384,1943,2,0,1,1060846.600072,1
1060846.592438,1944,0,0,1,1060846.602614,1
1060846.597489,1945,1,0,1,1060846.610134,1
1060846.602538,1946,2,0,1,1060846.613807,1
1060846.606998,1947,0,0,1,1060846.619741,1
1060846.612010,1948,1,0,1,1060846.624671,1
1060846.617054,1949,2,0,1,1060846.628736,1
1060846.622099,1950,0,0,1,1060846.634760,1
1060846.627163,1951,1,0,1,1060846.639893,0
1060846.631490,1952,2,0,1,1060846.644140,1
1060846.635907,1953,0,0,1,1060846.646111,1
1060846.640970,1954,1,0,1,1060846.652762,1
1060846.646026,1955,2,0,1,1060846.657337,1
1060846.651077,1956,0,0,1,1060846.663781,1
1060846.656141,1957,1,0,1,1060846.668783,0
1060846.661192,1958,2,0,1,1060846.673905,1
1060846.666245,1959,0,0,1,1060846.678887,1
1060846.671300,1960,1,0,1,1060846.683945,0
1060846.676354,1961,2,0,1,1060846.689008,0
1060846.681404,1962,0,0,1,1060846.694100,1
1060846.686450,1963,1,0,1,1060846.696681,1
1060846.691501,1964,2,0,1,1060846.703741,1
1060846.696560,1965,0,0,1,1060846.709296,1
1060846.701654,1966,1,0,1,1060846.714376,1
1060846.706768,1967,2,0,1,1060846.719543,1
1060846.711944,1968,0,0,1,1060846.724641,1
1060846.717012,1969,1,0,1,1060846.729663,1
1060846.721387,1970,2,0,1,1060846.734060,1
1060846.726450,1971,0,0,1,1060846.738760,1
1060846.731504,1972,1,0,1,1060846.741718,1
1060846.736555,1973,2,0,1,1060846.749237,0
1060846.741621,1974,0,0,1,1060846.754331,1
1060846.746687,1975,1,0,1,1060846.759345,1
1060846.751748,1976,2,0,1,1060846.764416,1
1060846.756799,1977,0,0,1,1060846.769433,1
1060846.761626,1978,1,0,1,1060846.774297,1
1060846.766676,1979,2,0,1,1060846.778726,1
1060846.771723,1980,0,0,1,1060846.784371,0
1060846.776784,1981,1,0,1,1060846.788158,0
1060846.781845,1982,2,0,1,1060846.794542,0
1060846.786905,1983,0,0,1,1060846.797109,1
1060846.791971,1984,1,0,1,1060846.804253,1
1060846.797023,1985,2,0,1,1060846.809723,1
1060846.802084,1986,0,0,1,1060846.814769,1
1060846.806564,1987,1,0,1,1060846.819297,1
1060846.810866,1988,2,0,1,1060846.823523,1
1060846.815914,1989,0,0,1,1060846.828586,1
1060846.820976,1990,1,0,1,1060846.833635,1
1060846.826022,1991,2,0,1,1060846.838693,1
1060846.831138,1992,0,0,1,1060846.843801,1
1060846.835782,1993,1,0,1,1060846.848452,1
1060846.840840,1994,2,0,1,1060846.853541,1
1060846.845920,1995,0,0,1,1060846.858575,0
1060846.850973,1996,1,0,1,1060846.863627,0
1060846.856031,1997,2,0,1,1060846.866222,1
1060846.861092,1998,0,0,1,1060846.873826,1
1060846.866140,1999,1,0,1,1060846.878802,0
1060846.870578,2000,2,0,1,1060846.881786,0
1060846.875630,2001,0,0,1,1060846.888278,0
1060846.880682,2002,1,0,1,1060846.890866,1
1060846.885731,2003,2,0,1,1060846.898387,1
1060846.890786,2004,0,0,1,1060846.902630,0
1060846.895343,2005,1,0,1,1060846.908016,1
1060846.900399,2006,2,0,1,1060846.913075,1
1060846.905456,2007,0,0,1,1060846.918173,0
1060846.910607,2008,1,0,1,1060846.923296,1
1060846.915684,2009,2,0,1,1060846.928346,1
1060846.920757,2010,0,0,1,1060846.933420,1
1060846.925805,2011,1,0,1,1060846.938476,1
1060846.930854,2012,2,0,1,1060846.941070,1
1060846.935904,2013,0,0,1,1060846.947114,1
1060846.940962,2014,1,0,1,1060846.953660,1
1060846.946040,2015,2,0,1,1060846.958706,1
1060846.951093,2016,0,0,1,1060846.963745,0
1060846.955990,2017,1,0,1,1060846.968657,1
1060846.961042,2018,2,0,1,1060846.973736,1
1060846.966085,2019,0,0,1,1060846.978764,1
1060846.970852,2020,1,0,1,1060846.983493,1
1060846.975906,2021,2,0,1,1060846.986098,1
1060846.980964,2022,0,0,1,1060846.991161,1
1060846.986016,2023,1,0,1,1060846.998704,1
1060846.991070,2024,2,0,1,1060847.003706,1
1060846.996132,2025,0,0,1,1060847.008798,0
1060847.000530,2026,1,0,1,1060847.013185,0
1060847.005587,2027,2,0,1,1060847.018276,1
1060847.010713,2028,0,0,1,1060847.023368,0
1060847.015765,2029,1,0,1,1060847.028410,0
1060847.020330,2030,2,0,1,1060847.032990,1
1060847.025376,2031,0,0,1,1060847.038029,1
1060847.030423,2032,1,0,1,1060847.043098,1
1060847.035514,2033,2,0,1,1060847.048174,1
1060847.039708,2034,0,0,1,1060847.051973,1
1060847.044786,2035,1,0,1,1060847.057435,1
1060847.049844,2036,2,0,1,1060847.062492,1
1060847.054891,2037,0,0,1,1060847.067572,1
1060847.059952,2038,1,0,1,1060847.072682,1
1060847.064060,2039,2,0,1,1060847.074595,0
1060847.069112,2040,0,0,1,1060847.081772,0
1060847.074167,2041,1,0,1,1060847.086891,1
1060847.079244,2042,2,0,1,1060847.091952,1
1060847.084299,2043,0,0,1,1060847.097043,1
1060847.089401,2044,1,0,1,1060847.102122,1
1060847.094499,2045,2,0,1,1060847.107255,1
1060847.099578,2046,0,0,1,1060847.112245,1
1060847.104182,2047,1,0,1,1060847.116845,0
1060847.109306,2048,2,0,1,1060847.121975,1
1060847.114359,2049,0,0,1,1060847.126629,1
1060847.119405,2050,1,0,1,1060847.132051,1
1060847.124450,2051,2,0,1,1060847.137117,1
1060847.128684,2052,0,0,1,1060847.138993,1
1060847.133791,2053,1,0,1,1060847.144033,1
1060847.138863,2054,2,0,1,1060847.151574,0
1060847.143945,2055,0,0,1,1060847.156611,1
1060847.149000,2056,1,0,1,1060847.161706,1
1060847.153745,2057,2,0,1,1060847.165716,1
1060847.158261,2058,0,0,1,1060847.168406,0
1060847.163301,2059,1,0,1,1060847.173748,1
1060847.168345,2060,2,0,1,1060847.178737,1
1060847.173399,2061,0,0,1,1060847.185065,1
1060847.178524,2062,1,0,1,1060847.191249,1
1060847.183618,2063,2,0,1,1060847.196328,1
1060847.188732,2064,0,0,1,1060847.200575,1
1060847.192958,2065,1,0,1,1060847.203849,0
1060847.198004,2066,2,0,1,1060847.210655,1
1060847.203053,2067,0,0,1,1060847.215709,1
1060847.208110,2068,1,0,1,1060847.220761,1
1060847.213172,2069,2,0,1,1060847.225821,0
1060847.218225,2070,0,0,1,1060847.228715,1
1060847.222561,2071,1,0,1,1060847.235230,0
1060847.227613,2072,2,0,1,1060847.240272,0
1060847.232666,2073,0,0,1,1060847.242860,0
1060847.237725,2074,1,0,1,1060847.250397,1
1060847.242772,2075,2,0,1,1060847.255437,1
1060847.247822,2076,0,0,1,1060847.260479,1
1060847.252873,2077,1,0,1,1060847.263082,1
1060847.257958,2078,2,0,1,1060847.270611,1
1060847.263005,2079,0,0,1,1060847.275662,0
1060847.267184,2080,1,0,1,1060847.279863,1
1060847.272282,2081,2,0,1,1060847.284934,0
1060847.277336,2082,0,0,1,1060847.287606,1
1060847.282479,2083,1,0,1,1060847.295129,1
1060847.287526,2084,2,0,1,1060847.300197,1
1060847.292588,2085,0,0,1,1060847.305238,1
1060847.297226,2086,1,0,1,1060847.309884,1
1060847.301798,2087,2,0,1,1060847.314448,1
1060847.306889,2088,0,0,1,1060847.319559,1
1060847.311938,2089,1,0,1,1060847.324586,1
1060847.316983,2090,2,0,1,1060847.329668,1
1060847.322041,2091,0,0,1,1060847.334713,1
1060847.327105,2092,1,0,1,1060847.337324,1
1060847.332207,2093,2,0,1,1060847.344865,1
1060847.337252,2094,0,0,1,1060847.349895,0
1060847.342299,2095,1,0,1,1060847.354962,1
1060847.347354,2096,2,0,1,1060847.360001,0
1060847.352396,2097,0,0,1,1060847.365054,1
1060847.357517,2098,1,0,1,1060847.370201,0
1060847.362560,2099,2,0,1,1060847.375210,0
1060847.367610,2100,0,0,1,1060847.380277,0
1060847.372665,2101,1,0,1,1060847.383909,1
1060847.377713,2102,2,0,1,1060847.390382,1
1060847.382810,2103,0,0,1,1060847.395522,1
1060847.387863,2104,1,0,1,1060847.400186,1
1060847.392909,2105,2,0,1,1060847.403086,1
1060847.397961,2106,0,0,1,1060847.410605,0
1060847.403008,2107,1,0,1,1060847.415667,0
1060847.408067,2108,2,0,1,1060847.420748,0
1060847.413121,2109,0,0,1,1060847.425773,0
1060847.418183,2110,1,0,1,1060847.430825,1
1060847.423235,2111,2,0,1,1060847.433428,1
1060847.428292,2112,0,0,1,1060847.440941,1
1060847.433353,2113,1,0,1,1060847.446057,1
1060847.438421,2114,2,0,1,1060847.451087,1
1060847.443487,2115,0,0,1,1060847.456141,1
1060847.448157,2116,1,0,1,1060847.460798,1
1060847.453210,2117,2,0,1,1060847.465850,1
1060847.458256,2118,0,0,1,1060847.470942,1
1060847.463307,2119,1,0,1,1060847.475961,1
1060847.467911,2120,2,0,1,1060847.480575,0
1060847.472963,2121,0,0,1,1060847.484082,1
1060847.478033,2122,1,0,1,1060847.490710,1
1060847.483088,2123,2,0,1,1060847.493278,1
1060847.488146,2124,0,0,1,1060847.499962,0
1060847.493198,2125,1,0,1,1060847.503380,1
1060847.498256,2126,2,0,1,1060847.508438,1
1060847.503306,2127,0,0,1,1060847.515953,1
1060847.508359,2128,1,0,1,1060847.520397,1
1060847.513413,2129,2,0,1,1060847.526076,1
1060847.518465,2130,0,0,1,1060847.531103,1
1060847.523511,2131,1,0,1,1060847.535438,0
1060847.528579,2132,2,0,1,1060847.538749,1
1060847.533630,2133,0,0,1,1060847.546326,1
1060847.538682,2134,1,0,1,1060847.551329,0
1060847.543753,2135,2,0,1,1060847.556419,1
1060847.548809,2136,0,0,1,1060847.561474,1
1060847.553253,2137,1,0,1,1060847.565897,1
1060847.558306,2138,2,0,1,1060847.570952,1
1060847.563352,2139,0,0,1,1060847.576012,1
1060847.568398,2140,1,0,1,1060847.581053,1
1060847.573459,2141,2,0,1,1060847.586112,1
1060847.578514,2142,0,0,1,1060847.588709,1
1060847.583576,2143,1,0,1,1060847.596223,1
1060847.588630,2144,2,0,1,1060847.601272,1
1060847.593686,2145,0,0,1,1060847.606327,1
1060847.598733,2146,1,0,1,1060847.611370,1
1060847.603283,2147,2,0,1,1060847.615925,1
1060847.608348,2148,0,0,1,1060847.620993,1
1060847.613395,2149,1,0,1,1060847.624587,0
1060847.618441,2150,2,0,1,1060847.631112,1
1060847.623492,2151,0,0,1,1060847.636156,1
1060847.628557,2152,1,0,1,1060847.641211,1
1060847.633644,2153,2,0,1,1060847.646312,1
1060847.638563,2154,0,0,1,1060847.651230,1
1060847.643610,2155,1,0,1,1060847.656291,1
1060847.648661,2156,2,0,1,1060847.661335,1
1060847.652989,2157,0,0,1,1060847.665625,1
1060847.658036,2158,1,0,1,1060847.670674,0
1060847.663085,2159,2,0,1,1060847.673265,1
1060847.668135,2160,0,0,1,1060847.678304,0
1060847.673186,2161,1,0,1,1060847.685866,1
1060847.678237,2162,2,0,1,1060847.690892,0
1060847.683312,2163,0,0,1,1060847.695956,1
1060847.688049,2164,1,0,1,1060847.700696,1
1060847.693096,2165,2,0,1,1060847.705749,1
1060847.698182,2166,0,0,1,1060847.709110,1
1060847.702565,2167,1,0,1,1060847.715230,1
1060847.707616,2168,2,0,1,1060847.720280,1
1060847.712676,2169,0,0,1,1060847.723979,0
1060847.717736,2170,1,0,1,1060847.727965,1
1060847.722836,2171,2,0,1,1060847.734632,1
1060847.727889,2172,0,0,1,1060847.739987,1
1060847.732943,2173,1,0,1,1060847.743115,1
1060847.737992,2174,2,0,1,1060847.750692,0
1060847.743042,2175,0,0,1,1060847.753231,1
1060847.748105,2176,1,0,1,1060847.760755,1
1060847.753152,2177,2,0,1,1060847.765802,0
1060847.758202,2178,0,0,1,1060847.768386,1
1060847.763263,2179,1,0,1,1060847.775956,0
1060847.768313,2180,2,0,1,1060847.778493,0
1060847.773369,2181,0,0,1,1060847.783546,1
1060847.778419,2182,1,0,1,1060847.791081,0
1060847.783472,2183,2,0,1,1060847.796145,0
1060847.787903,2184,0,0,1,1060847.800571,1
1060847.792950,2185,1,0,1,1060847.804689,0
1060847.798002,2186,2,0,1,1060847.810665,1
1060847.803057,2187,0,0,1,1060847.815709,1
1060847.808111,2188,1,0,1,1060847.820801,1
1060847.813259,2189,2,0,1,1060847.825908,1
1060847.818312,2190,0,0,1,1060847.831006,1
1060847.823396,2191,1,0,1,1060847.836038,1
1060847.828445,2192,2,0,1,1060847.841092,1
1060847.833496,2193,0,0,1,1060847.845585,1
1060847.838553,2194,1,0,1,1060847.848818,1
1060847.843599,2195,2,0,1,1060847.856255,1
1060847.848664,2196,0,0,1,1060847.861331,1
1060847.853127,2197,1,0,1,1060847.865777,1
1060847.858187,2198,2,0,1,1060847.870847,1
1060847.863234,2199,0,0,1,1060847.875892,1
1060847.868286,2200,1,0,1,1060847.880937,0
1060847.873332,2201,2,0,1,1060847.885981,0
1060847.878414,2202,0,0,1,1060847.891087,0
1060847.882767,2203,1,0,1,1060847.895440,1
1060847.887814,2204,2,0,1,1060847.900482,1
1060847.892878,2205,0,0,1,1060847.905315,1
1060847.897928,2206,1,0,1,1060847.908110,0
1060847.902983,2207,2,0,1,1060847.915672,1
1060847.908036,2208,0,0,1,1060847.920679,1
1060847.913092,2209,1,0,1,1060847.923273,0
1060847.918144,2210,2,0,1,1060847.928334,1
1060847.923195,2211,0,0,1,1060847.933743,1
1060847.928257,2212,1,0,1,1060847.940916,1
1060847.933309,2213,2,0,1,1060847.945974,1
1060847.938355,2214,0,0,1,1060847.951016,1
1060847.943430,2215,1,0,1,1060847.956092,0
1060847.947901,2216,2,0,1,1060847.960561,1
1060847.953017,2217,0,0,1,1060847.965667,1
1060847.958063,2218,1,0,1,1060847.970720,1
1060847.963117,2219,2,0,1,1060847.975779,1
1060847.968169,2220,0,0,1,1060847.979973,1
1060847.973218,2221,1,0,1,1060847.983422,1
1060847.978304,2222,2,0,1,1060847.990964,1
1060847.983349,2223,0,0,1,1060847.995993,1
1060847.988400,2224,1,0,1,1060848.001054,1
1060847.993462,2225,2,0,1,1060848.006130,1
1060847.998507,2226,0,0,1,1060848.011145,1
1060848.003552,2227,1,0,1,1060848.016206,1
1060848.008604,2228,2,0,1,1060848.021276,1
1060848.012899,2229,0,0,1,1060848.024179,0
1060848.018004,2230,1,0,1,1060848.030640,0
1060848.023049,2231,2,0,1,1060848.035694,1
1060848.028101,2232,0,0,1,1060848.040794,1
1060848.033155,2233,1,0,1,1060848.045809,1
1060848.038209,2234,2,0,1,1060848.048390,1
1060848.043259,2235,0,0,1,1060848.054654,1
1060848.048316,2236,1,0,1,1060848.059997,1
1060848.053367,2237,2,0,1,1060848.063541,0
1060848.058416,2238,0,0,1,1060848.069486,1
1060848.063463,2239,1,0,1,1060848.076120,0
1060848.068530,2240,2,0,1,1060848.081244,1
1060848.073588,2241,0,0,1,1060848.083764,1
1060848.078638,2242,1,0,1,1060848.088816,1
1060848.083690,2243,2,0,1,1060848.093872,1
1060848.088745,2244,0,0,1,1060848.098978,1
1060848.093798,2245,1,0,1,1060848.106472,1
1060848.098857,2246,2,0,1,1060848.111564,1
1060848.103939,2247,0,0,1,1060848.116591,1
1060848.108986,2248,1,0,1,1060848.121638,1
1060848.114032,2249,2,0,1,1060848.126715,1
1060848.119085,2250,0,0,1,1060848.131754,1
1060848.124137,2251,1,0,1,1060848.136792,1
1060848.129183,2252,2,0,1,1060848.141855,1
1060848.134238,2253,0,0,1,1060848.146909,1
1060848.139292,2254,1,0,1,1060848.151952,1
1060848.144396,2255,2,0,1,1060848.157064,0
1060848.149443,2256,0,0,1,1060848.162122,1
1060848.154486,2257,1,0,1,1060848.167181,0
1060848.159531,2258,2,0,1,1060848.172182,1
1060848.164583,2259,0,0,1,1060848.177255,1
1060848.169634,2260,1,0,1,1060848.182347,0
1060848.174704,2261,2,0,1,1060848.187358,1
1060848.179762,2262,0,0,1,1060848.192430,1
1060848.184814,2263,1,0,1,1060848.197472,1
1060848.189101,2264,2,0,1,1060848.201746,1
1060848.194147,2265,0,0,1,1060848.206794,1
1060848.199194,2266,1,0,1,1060848.211843,1
1060848.204240,2267,2,0,1,1060848.216899,1
1060848.209351,2268,0,0,1,1060848.222017,1
1060848.214394,2269,1,0,1,1060848.227043,1
1060848.219437,2270,2,0,1,1060848.232084,1
1060848.224478,2271,0,0,1,1060848.237134,1
1060848.229522,2272,1,0,1,1060848.239739,1
1060848.234625,2273,2,0,1,1060848.246642,1
1060848.239669,2274,0,0,1,1060848.252320,1
1060848.244713,2275,1,0,1,1060848.257355,1
1060848.249761,2276,2,0,1,1060848.262450,1
1060848.254835,2277,0,0,1,1060848.267496,1
1060848.259957,2278,1,0,1,1060848.272609,1
1060848.265005,2279,2,0,1,1060848.277667,1
1060848.270069,2280,0,0,1,1060848.282720,1
1060848.275118,2281,1,0,1,1060848.287772,1
1060848.280169,2282,2,0,1,1060848.292829,1
1060848.285294,2283,0,0,1,1060848.297974,1
1060848.290347,2284,1,0,1,1060848.302999,1
1060848.295393,2285,2,0,1,1060848.308059,1
1060848.300448,2286,0,0,1,1060848.313124,1
1060848.305514,2287,1,0,1,1060848.318161,1
1060848.310558,2288,2,0,1,1060848.321674,1
1060848.315601,2289,0,0,1,1060848.328263,1
1060848.320662,2290,1,0,1,1060848.333311,1
1060848.325707,2291,2,0,1,1060848.338360,1
1060848.330754,2292,0,0,1,1060848.342637,1
1060848.335865,2293,1,0,1,1060848.348502,1
1060848.340907,2294,2,0,1,1060848.353319,1
1060848.345952,2295,0,0,1,1060848.358605,1
1060848.351008,2296,1,0,1,1060848.361197,1
1060848.356062,2297,2,0,1,1060848.368709,1
1060848.361118,2298,0,0,1,1060848.373816,1
1060848.366176,2299,1,0,1,1060848.378826,0
1060848.371231,2300,2,0,1,1060848.383886,1
1060848.376285,2301,0,0,1,1060848.388940,1
1060848.381339,2302,1,0,1,1060848.393975,1
1060848.386389,2303,2,0,1,1060848.399045,1
