0.001340,0,0,0,1,0.012954,1
0.006444,1,1,0,1,0.017428,1
0.011479,2,2,0,1,0.024139,0
0.016529,3,0,0,1,0.029174,1
0.020795,4,1,0,1,0.033431,0
0.025695,5,2,0,1,0.038496,1
0.030745,6,0,0,1,0.041142,1
0.035817,7,1,0,1,0.048619,0
0.040978,8,2,0,1,0.053746,1
0.046088,9,0,0,1,0.058843,1
0.051181,10,1,0,1,0.061401,1
0.056233,11,2,0,1,0.068904,1
0.061287,12,0,0,1,0.073949,1
0.066348,13,1,0,1,0.079041,1
0.071451,14,2,0,1,0.084058,1
0.075689,15,0,0,1,0.088307,1
0.080722,16,1,0,1,0.093350,1
0.085761,17,2,0,1,0.098459,0
0.090809,18,0,0,1,0.103437,1
0.095843,19,1,0,1,0.108522,1
0.100694,20,2,0,1,0.113331,1
0.105750,21,0,0,1,0.118392,1
0.110804,22,1,0,1,0.120982,1
0.115852,23,2,0,1,0.126304,1
0.120902,24,0,0,1,0.133555,1
0.125694,25,1,0,1,0.138389,1
0.130756,26,2,0,1,0.143420,1
0.135809,27,0,0,1,0.145969,1
0.140859,28,1,0,1,0.152912,1
0.145909,29,2,0,1,0.158527,0
0.150972,30,0,0,1,0.163651,1
0.156036,31,1,0,1,0.168699,1
0.161110,32,2,0,1,0.171433,0
0.165466,33,0,0,1,0.178112,1
0.170519,34,1,0,1,0.180943,1
0.175553,35,2,0,1,0.186773,1
0.180594,36,0,0,1,0.193242,1
0.185643,37,1,0,1,0.196605,1
0.190698,38,2,0,1,0.203342,1
0.195750,39,0,0,1,0.208391,1
0.200807,40,1,0,1,0.213520,1
0.205899,41,2,0,1,0.218554,0
0.210945,42,0,0,1,0.223655,0
0.216004,43,1,0,1,0.226276,0
0.221079,44,2,0,1,0.231293,1
0.226128,45,0,0,1,0.238788,1
0.231186,46,1,0,1,0.243875,1
0.236314,47,2,0,1,0.249051,0
0.241380,48,0,0,1,0.254024,1
0.246431,49,1,0,1,0.259073,1
0.251478,50,2,0,1,0.263277,1
0.256532,51,0,0,1,0.269173,1
0.261546,52,1,0,1,0.274212,1
0.266603,53,2,0,1,0.276818,1
0.271685,54,0,0,1,0.283565,1
0.276739,55,1,0,1,0.289411,1
0.281801,56,2,0,1,0.294508,1
0.286342,57,0,0,1,0.298244,1
0.291386,58,1,0,1,0.301592,0
0.296463,59,2,0,1,0.309109,1
0.301512,60,0,0,1,0.311686,0
0.306563,61,1,0,1,0.316737,1
0.311614,62,2,0,1,0.322965,1
0.316664,63,0,0,1,0.326849,0
0.321715,64,1,0,1,0.334355,1
0.326766,65,2,0,1,0.339438,1
0.331019,66,0,0,1,0.343669,0
0.336068,67,1,0,1,0.348776,1
0.341112,68,2,0,1,0.353758,1
0.345397,69,0,0,1,0.358043,0
0.350445,70,1,0,1,0.363135,0
0.355510,71,2,0,1,0.368186,1
0.360553,72,0,0,1,0.373206,1
0.365607,73,1,0,1,0.375827,1
0.370688,74,2,0,1,0.380923,0
0.375740,75,0,0,1,0.388487,1
0.380794,76,1,0,1,0.393503,1
0.385881,77,2,0,1,0.398570,1
0.390962,78,0,0,1,0.403619,1
0.396037,79,1,0,1,0.408691,1
0.400728,80,2,0,1,0.413411,1
0.405778,81,0,0,1,0.416014,0
0.410855,82,1,0,1,0.423513,0
0.415920,83,2,0,1,0.428582,0
0.420981,84,0,0,1,0.433642,1
0.426031,85,1,0,1,0.438708,1
0.431086,86,2,0,1,0.441264,1
0.436141,87,0,0,1,0.446362,1
0.441190,88,1,0,1,0.453250,0
0.446247,89,2,0,1,0.458952,1
0.450710,90,0,0,1,0.460951,1
0.455814,91,1,0,1,0.468471,1
0.460872,92,2,0,1,0.473537,1
0.465900,93,0,0,1,0.478590,1
0.470953,94,1,0,1,0.481224,1
0.475999,95,2,0,1,0.488667,1
0.481051,96,0,0,1,0.492424,1
0.486097,97,1,0,1,0.496333,1
0.491195,98,2,0,1,0.501378,1
0.496249,99,0,0,1,0.506428,1
0.501301,100,1,0,1,0.511529,0
0.506354,101,2,0,1,0.517054,1
0.511409,102,0,0,1,0.524108,1
0.516492,103,1,0,1,0.529174,1
0.521553,104,2,0,1,0.534192,1
0.525700,105,0,0,1,0.538349,0
0.530750,106,1,0,1,0.542967,1
0.535795,107,2,0,1,0.548442,1
0.540841,108,0,0,1,0.553483,0
0.545889,109,1,0,1,0.558579,0
0.550961,110,2,0,1,0.563611,1
0.556005,111,0,0,1,0.568648,1
0.561082,112,1,0,1,0.573740,1
0.565988,113,2,0,1,0.578676,1
0.571031,114,0,0,1,0.583700,1
0.576096,115,1,0,1,0.586279,1
0.581145,116,2,0,1,0.593797,1
0.586202,117,0,0,1,0.598856,1
0.591258,118,1,0,1,0.603894,1
0.596308,119,2,0,1,0.606486,0
0.601358,120,0,0,1,0.611584,0
0.606408,121,1,0,1,0.619058,0
0.611469,122,2,0,1,0.624198,1
0.616547,123,0,0,1,0.629188,1
0.621599,124,1,0,1,0.634256,1
0.626644,125,2,0,1,0.639295,1
0.631693,126,0,0,1,0.642968,0
0.636767,127,1,0,1,0.649504,1
0.641905,128,2,0,1,0.652129,1
0.646967,129,0,0,1,0.659655,1
0.652054,130,1,0,1,0.664508,1
0.657108,131,2,0,1,0.667283,1
0.662158,132,0,0,1,0.674843,0
0.667208,133,1,0,1,0.679878,1
0.672259,134,2,0,1,0.684912,1
0.677306,135,0,0,1,0.689979,1
0.682378,136,1,0,1,0.695010,1
0.687429,137,2,0,1,0.700144,1
0.692369,138,0,0,1,0.702553,1
0.697420,139,1,0,1,0.707610,0
0.702472,140,2,0,1,0.715144,1
0.707526,141,0,0,1,0.720196,1
0.712587,142,1,0,1,0.725319,1
0.717683,143,2,0,1,0.730327,1
0.722733,144,0,0,1,0.735378,0
0.727776,145,1,0,1,0.740429,1
0.732818,146,2,0,1,0.745517,1
0.737913,147,0,0,1,0.750612,0
0.742899,148,1,0,1,0.755554,1
0.747963,149,2,0,1,0.760604,0
0.753019,150,0,0,1,0.765656,1
0.758076,151,1,0,1,0.770736,0
0.763126,152,2,0,1,0.775818,1
0.768175,153,0,0,1,0.779388,0
0.773228,154,1,0,1,0.784110,1
0.778278,155,2,0,1,0.790972,0
0.783352,156,0,0,1,0.793574,0
0.788440,157,1,0,1,0.801098,1
0.793487,158,2,0,1,0.806149,1
0.798551,159,0,0,1,0.811244,1
0.803605,160,1,0,1,0.816246,1
0.808657,161,2,0,1,0.818850,1
0.813719,162,0,0,1,0.826379,1
0.818775,163,1,0,1,0.831437,1
0.823825,164,2,0,1,0.834124,1
0.828866,165,0,0,1,0.841502,1
0.833909,166,1,0,1,0.844098,1
0.838958,167,2,0,1,0.851613,1
0.844006,168,0,0,1,0.854199,0
0.849068,169,1,0,1,0.861742,1
0.854127,170,2,0,1,0.866776,1
0.859176,171,0,0,1,0.871819,1
0.864225,172,1,0,1,0.876880,1
0.868517,173,2,0,1,0.881165,0
0.873571,174,0,0,1,0.886216,1
0.878626,175,1,0,1,0.891291,0
0.883678,176,2,0,1,0.896323,1
0.888774,177,0,0,1,0.901432,1
0.893820,178,1,0,1,0.906479,1
0.898865,179,2,0,1,0.911583,1
0.903935,180,0,0,1,0.916606,1
0.908980,181,1,0,1,0.921643,1
0.914038,182,2,0,1,0.926693,1
0.919089,183,0,0,1,0.931732,1
0.924149,184,1,0,1,0.936788,1
0.929198,185,2,0,1,0.941856,1
0.934245,186,0,0,1,0.944458,0
0.939300,187,1,0,1,0.951998,0
0.944351,188,2,0,1,0.957049,1
0.949436,189,0,0,1,0.962095,1
0.954486,190,1,0,1,0.967125,0
0.959039,191,2,0,1,0.969224,0
0.964091,192,0,0,1,0.975280,1
0.969144,193,1,0,1,0.981803,1
0.974201,194,2,0,1,0.986851,0
0.979257,195,0,0,1,0.991958,1
0.984338,196,1,0,1,0.994561,1
0.989439,197,2,0,1,1.002086,1
0.994484,198,0,0,1,1.006065,1
0.999534,199,1,0,1,1.012219,1
1.004576,200,2,0,1,1.017209,0
1.009568,201,0,0,1,1.022220,1
1.014635,202,1,0,1,1.027292,0
1.019689,203,2,0,1,1.029879,1
1.024740,204,0,0,1,1.034951,0
1.029802,205,1,0,1,1.042437,1
1.034868,206,2,0,1,1.047541,1
1.039967,207,0,0,1,1.052615,0
1.045019,208,1,0,1,1.057751,1
1.050114,209,2,0,1,1.062764,1
1.055158,210,0,0,1,1.067803,0
1.060200,211,1,0,1,1.070413,1
1.065285,212,2,0,1,1.077968,1
1.070332,213,0,0,1,1.081518,1
1.075389,214,1,0,1,1.088039,1
1.080451,215,2,0,1,1.092426,1
1.085522,216,0,0,1,1.095744,1
1.090613,217,1,0,1,1.103320,1
1.095659,218,2,0,1,1.108315,1
1.100706,219,0,0,1,1.112842,0
1.105758,220,1,0,1,1.118394,1
1.110806,221,2,0,1,1.121000,0
1.115875,222,0,0,1,1.128518,0
1.120926,223,1,0,1,1.133593,0
1.125707,224,2,0,1,1.138353,1
1.130754,225,0,0,1,1.143403,0
1.135809,226,1,0,1,1.148457,0
1.140887,227,2,0,1,1.153530,1
1.145935,228,0,0,1,1.158620,1
1.150708,229,1,0,1,1.163357,0
1.155757,230,2,0,1,1.168404,1
1.160798,231,0,0,1,1.173439,1
1.165851,232,1,0,1,1.176051,1
1.170914,233,2,0,1,1.181598,1
1.175961,234,0,0,1,1.188634,1
1.181017,235,1,0,1,1.193727,1
1.186105,236,2,0,1,1.198771,1
1.191199,237,0,0,1,1.203858,1
1.196242,238,1,0,1,1.208886,1
1.201288,239,2,0,1,1.213937,1
1.206329,240,0,0,1,1.217448,0
1.211385,241,1,0,1,1.223832,1
1.216538,242,2,0,1,1.229191,1
1.221585,243,0,0,1,1.234242,1
1.225706,244,1,0,1,1.238355,1
1.230753,245,2,0,1,1.243395,0
1.235799,246,0,0,1,1.248442,1
1.240874,247,1,0,1,1.253552,1
1.245923,248,2,0,1,1.258589,1
1.250709,249,0,0,1,1.263356,0
1.255760,250,1,0,1,1.268415,1
1.260816,251,2,0,1,1.273466,1
1.265867,252,0,0,1,1.276303,1
1.270927,253,1,0,1,1.283577,1
1.275972,254,2,0,1,1.288614,1
1.281029,255,0,0,1,1.292488,0
1.286244,256,1,0,1,1.296423,1
1.291296,257,2,0,1,1.303941,1
1.296333,258,0,0,0,0.000000,0
1.300738,259,1,0,1,1.310900,0
1.305785,260,2,0,1,1.318442,1
1.310825,261,0,0,0,0.000000,0
1.315855,262,1,0,1,1.328496,1
1.320888,263,2,0,1,1.333528,1
1.325920,264,0,0,0,0.000000,0
1.330949,265,1,0,1,1.343569,1
1.335972,266,2,0,1,1.348598,1
1.340992,267,0,0,0,0.000000,0
1.346015,268,1,0,1,1.358645,1
1.351042,269,2,0,1,1.363663,1
1.356066,270,0,0,0,0.000000,0
1.361090,271,1,0,1,1.373716,1
1.366112,272,2,0,1,1.378745,1
1.371129,273,0,0,0,0.000000,0
1.376147,274,1,0,1,1.388763,1
1.381169,275,2,0,1,1.393774,1
1.386187,276,0,0,0,0.000000,0
1.391207,277,1,0,1,1.403812,1
1.396223,278,2,0,1,1.408841,1
1.401250,279,0,0,0,0.000000,0
1.406265,280,1,0,1,1.418903,0
1.411283,281,2,0,1,1.423933,1
1.416305,282,0,0,0,0.000000,0
1.421321,283,1,0,1,1.433974,0
1.426343,284,2,0,1,1.438996,1
1.431365,285,0,0,0,0.000000,0
1.436386,286,1,0,1,1.449051,1
1.441407,287,2,0,1,1.454055,1
1.446420,288,0,0,0,0.000000,0
1.451438,289,1,0,1,1.464096,1
1.456459,290,2,0,1,1.469118,1
1.461475,291,0,0,0,0.000000,0
1.466497,292,1,0,1,1.479148,1
1.471514,293,2,0,1,1.484162,1
1.476527,294,0,0,0,0.000000,0
1.481543,295,1,0,1,1.494197,0
1.486561,296,2,0,1,1.499215,1
1.491585,297,0,0,0,0.000000,0
1.496607,298,1,0,1,1.509261,0
1.501623,299,2,0,1,1.514277,1
1.506640,300,0,0,0,0.000000,0
1.511657,301,1,0,1,1.524325,1
1.516680,302,2,0,1,1.529330,1
1.521702,303,0,0,0,0.000000,0
1.526723,304,1,0,1,1.539379,1
1.531741,305,2,0,1,1.544388,1
1.536755,306,0,0,0,0.000000,0
1.541771,307,1,0,1,1.554422,0
1.546787,308,2,0,1,1.559426,1
1.551805,309,0,0,0,0.000000,0
1.556821,310,1,0,1,1.569471,1
1.561843,311,2,0,1,1.574492,1
1.566856,312,0,0,0,0.000000,0
1.571872,313,1,0,1,1.584528,1
1.576885,314,2,0,1,1.589530,1
1.581902,315,0,0,0,0.000000,0
1.586918,316,1,0,1,1.599573,1
1.591939,317,2,0,1,1.604582,1
1.596955,318,0,0,0,0.000000,0
1.601977,319,1,0,1,1.614629,1
1.606994,320,2,0,1,1.619643,1
1.612015,321,0,0,0,0.000000,0
1.617029,322,1,0,1,1.629685,1
1.622045,323,2,0,1,1.634691,1
1.627062,324,0,0,0,0.000000,0
1.632078,325,1,0,1,1.644720,1
1.637095,326,2,0,1,1.649735,1
1.642108,327,0,0,0,0.000000,0
1.647127,328,1,0,1,1.659778,1
1.652143,329,2,0,1,1.664796,1
1.657156,330,0,0,0,0.000000,0
1.662173,331,1,0,1,1.674839,1
1.667199,332,2,0,1,1.679849,1
1.672215,333,0,0,0,0.000000,0
1.677248,334,1,0,1,1.689911,1
1.682265,335,2,0,1,1.694913,1
1.687282,336,0,0,0,0.000000,0
1.692303,337,1,0,1,1.704958,1
1.697325,338,2,0,1,1.709966,1
1.702339,339,0,0,0,0.000000,0
1.707358,340,1,0,1,1.720023,1
1.712380,341,2,0,1,1.725031,1
1.717394,342,0,0,0,0.000000,0
1.722411,343,1,0,1,1.735051,0
1.727427,344,2,0,1,1.740083,1
1.732449,345,0,0,0,0.000000,0
1.737469,346,1,0,1,1.750113,0
1.742486,347,2,0,1,1.755136,1
1.747507,348,0,0,0,0.000000,0
1.752533,349,1,0,1,1.765182,1
1.757549,350,2,0,1,1.770197,1
1.762565,351,0,0,0,0.000000,0
1.767582,352,1,0,1,1.780232,1
1.772595,353,2,0,1,1.785248,1
1.777611,354,0,0,0,0.000000,0
1.782627,355,1,0,1,1.795298,1
1.787643,356,2,0,1,1.800289,1
1.792663,357,0,0,0,0.000000,0
1.797683,358,1,0,1,1.810323,1
1.802698,359,2,0,1,1.815341,1
1.807715,360,0,0,0,0.000000,0
1.812730,361,1,0,1,1.825382,1
1.817754,362,2,0,1,1.830405,1
1.822769,363,0,0,0,0.000000,0
1.827783,364,1,0,1,1.840431,1
1.832798,365,2,0,1,1.845445,1
1.837815,366,0,0,0,0.000000,0
1.842830,367,1,0,1,1.855478,1
1.847847,368,2,0,1,1.860500,1
1.852868,369,0,0,0,0.000000,0
1.857884,370,1,0,1,1.870546,1
1.862905,371,2,0,1,1.875553,1
1.867920,372,0,0,0,0.000000,0
1.872941,373,1,0,1,1.885599,1
1.877958,374,2,0,1,1.890625,1
1.882978,375,0,0,0,0.000000,0
1.888003,376,1,0,1,1.900653,0
1.893019,377,2,0,1,1.905655,1
1.898035,378,0,0,0,0.000000,0
1.903050,379,1,0,1,1.915686,1
1.908065,380,2,0,1,1.920709,1
1.913079,381,0,0,0,0.000000,0
1.918095,382,1,0,1,1.930745,1
1.923112,383,2,0,1,1.935765,1
1.928129,384,0,0,0,0.000000,0
1.933147,385,1,0,1,1.945805,1
1.938167,386,2,0,1,1.950813,1
1.943180,387,0,0,0,0.000000,0
1.948196,388,1,0,1,1.960854,1
1.953218,389,2,0,1,1.965863,1
1.958233,390,0,0,0,0.000000,0
1.963249,391,1,0,1,1.975896,1
1.968263,392,2,0,1,1.980902,1
1.973278,393,0,0,0,0.000000,0
1.978295,394,1,0,1,1.990972,1
1.983316,395,2,0,1,1.995963,1
1.988332,396,0,0,0,0.000000,0
1.993348,397,1,0,1,2.006021,1
1.998369,398,2,0,1,2.011016,1
2.003385,399,0,0,0,0.000000,0
2.008400,400,1,0,1,2.021046,1
2.013415,401,2,0,1,2.026073,1
2.018444,402,0,0,0,0.000000,0
2.023459,403,1,0,1,2.036109,1
2.028477,404,2,0,1,2.041122,1
2.033491,405,0,0,0,0.000000,0
2.038509,406,1,0,1,2.051147,0
2.043523,407,2,0,1,2.056164,1
2.048536,408,0,0,0,0.000000,0
2.053552,409,1,0,1,2.066220,1
2.058576,410,2,0,1,2.071217,1
2.063592,411,0,0,0,0.000000,0
2.068611,412,1,0,1,2.081266,0
2.073631,413,2,0,1,2.086283,1
2.078653,414,0,0,0,0.000000,0
2.083668,415,1,0,1,2.096309,1
2.088684,416,2,0,1,2.101326,1
2.093701,417,0,0,0,0.000000,0
2.098722,418,1,0,1,2.111372,1
2.103739,419,2,0,1,2.116389,1
2.108756,420,0,0,0,0.000000,0
2.113772,421,1,0,1,2.126427,1
2.118786,422,2,0,1,2.131432,1
2.123800,423,0,0,0,0.000000,0
2.128816,424,1,0,1,2.141458,1
2.133831,425,2,0,1,2.146479,1
2.138848,426,0,0,0,0.000000,0
2.143861,427,1,0,1,2.156507,0
2.148878,428,2,0,1,2.161532,1
2.153892,429,0,0,0,0.000000,0
2.158908,430,1,0,1,2.171564,0
2.163924,431,2,0,1,2.176560,1
2.168941,432,0,0,0,0.000000,0
2.173955,433,1,0,1,2.186603,1
2.178974,434,2,0,1,2.191631,1
2.183995,435,0,0,0,0.000000,0
2.189011,436,1,0,1,2.201656,1
2.194027,437,2,0,1,2.206675,1
2.199043,438,0,0,0,0.000000,0
2.204059,439,1,0,1,2.216695,1
2.209073,440,2,0,1,2.221724,1
2.214087,441,0,0,0,0.000000,0
2.219107,442,1,0,1,2.231755,1
2.224123,443,2,0,1,2.236779,1
2.229145,444,0,0,0,0.000000,0
2.234162,445,1,0,1,2.246818,0
2.239184,446,2,0,1,2.251841,1
2.244197,447,0,0,0,0.000000,0
2.249213,448,1,0,1,2.261879,1
2.254235,449,2,0,1,2.266886,1
2.259256,450,0,0,0,0.000000,0
2.264277,451,1,0,1,2.276928,1
2.269296,452,2,0,1,2.281944,1
2.274312,453,0,0,0,0.000000,0
2.279326,454,1,0,1,2.291978,1
2.284339,455,2,0,1,2.296994,1
2.289356,456,0,0,0,0.000000,0
2.294375,457,1,0,1,2.307020,1
2.299388,458,2,0,1,2.312036,1
2.304404,459,0,0,0,0.000000,0
2.309426,460,1,0,1,2.322080,1
2.314442,461,2,0,1,2.327100,1
2.319460,462,0,0,0,0.000000,0
2.324479,463,1,0,1,2.337136,1
2.329495,464,2,0,1,2.342135,1
2.334511,465,0,0,0,0.000000,0
2.339532,466,1,0,1,2.352197,1
2.344548,467,2,0,1,2.357199,1
2.349564,468,0,0,0,0.000000,0
2.354586,469,1,0,1,2.367233,1
2.359601,470,2,0,1,2.372249,1
2.364617,471,0,0,0,0.000000,0
2.369644,472,1,0,1,2.382297,1
2.374657,473,2,0,1,2.387306,1
2.379674,474,0,0,0,0.000000,0
2.384695,475,1,0,1,2.397338,1
2.389711,476,2,0,1,2.402357,1
2.394727,477,0,0,0,0.000000,0
2.399743,478,1,0,1,2.412388,1
2.404759,479,2,0,1,2.417404,1
2.409777,480,0,0,0,0.000000,0
2.414791,481,1,0,1,2.427440,1
2.419806,482,2,0,1,2.432444,1
2.424823,483,0,0,0,0.000000,0
2.429839,484,1,0,1,2.442491,1
2.434855,485,2,0,1,2.447506,1
2.439876,486,0,0,0,0.000000,0
2.444899,487,1,0,1,2.457566,1
2.449916,488,2,0,1,2.462571,1
2.454943,489,0,0,0,0.000000,0
2.459959,490,1,0,1,2.472634,1
2.465006,491,2,0,1,2.477691,1
2.470030,492,0,0,0,0.000000,0
2.475046,493,1,0,1,2.487687,0
2.480063,494,2,0,1,2.492706,1
2.485080,495,0,0,0,0.000000,0
2.490100,496,1,0,1,2.502774,0
2.495125,497,2,0,1,2.507797,1
2.500142,498,0,0,0,0.000000,0
2.505160,499,1,0,1,2.517817,1
2.510174,500,2,0,1,2.522814,1
2.515190,501,0,0,0,0.000000,0
2.520213,502,1,0,1,2.532859,1
2.525228,503,2,0,1,2.537871,1
2.530244,504,0,0,0,0.000000,0
2.535263,505,1,0,1,2.547925,1
2.540279,506,2,0,1,2.552928,1
2.545301,507,0,0,0,0.000000,0
2.550316,508,1,0,1,2.562960,1
2.555332,509,2,0,1,2.567984,1
2.560346,510,0,0,0,0.000000,0
2.565359,511,1,0,1,2.578009,1
2.570388,512,2,0,1,2.583043,1
2.575404,513,0,0,0,0.000000,0
2.580420,514,1,0,1,2.593072,0
2.585442,515,2,0,1,2.598082,1
2.590455,516,0,0,0,0.000000,0
2.595468,517,1,0,1,2.608125,1
2.600485,518,2,0,1,2.613129,1
2.605502,519,0,0,0,0.000000,0
2.610523,520,1,0,1,2.623190,1
2.615538,521,2,0,1,2.628203,1
2.620552,522,0,0,0,0.000000,0
2.625565,523,1,0,1,2.638229,1
2.630577,524,2,0,1,2.643234,1
2.635592,525,0,0,0,0.000000,0
2.640604,526,1,0,1,2.653247,1
2.645617,527,2,0,1,2.658283,1
2.650629,528,0,0,0,0.000000,0
2.655641,529,1,0,1,2.668268,1
2.660655,530,2,0,1,2.673277,1
2.665668,531,0,0,0,0.000000,0
2.670682,532,1,0,1,2.683302,1
2.675702,533,2,0,1,2.688328,1
2.680736,534,0,0,0,0.000000,0
2.685748,535,1,0,1,2.698386,1
2.690759,536,2,0,1,2.703390,1
2.695772,537,0,0,0,0.000000,0
2.700784,538,1,0,1,2.713434,1
2.705800,539,2,0,1,2.718447,1
2.710813,540,0,0,0,0.000000,0
2.715830,541,1,0,1,2.728486,1
2.720848,542,2,0,1,2.733488,1
2.725866,543,0,0,0,0.000000,0
2.730880,544,1,0,1,2.743512,1
2.735896,545,2,0,1,2.748547,1
2.740912,546,0,0,0,0.000000,0
2.745928,547,1,0,1,2.758576,1
2.750951,548,2,0,1,2.763604,1
2.755972,549,0,0,0,0.000000,0
2.760986,550,1,0,1,2.773631,1
2.766003,551,2,0,1,2.778668,1
2.771028,552,0,0,0,0.000000,0
2.776050,553,1,0,1,2.788707,1
2.781066,554,2,0,1,2.793717,1
2.786079,555,0,0,0,0.000000,0
2.791095,556,1,0,1,2.803770,0
2.796119,557,2,0,1,2.808763,1
2.801135,558,0,0,0,0.000000,0
2.806151,559,1,0,1,2.818792,1
2.811164,560,2,0,1,2.823808,1
2.816180,561,0,0,0,0.000000,0
2.821194,562,1,0,1,2.833834,0
2.826207,563,2,0,1,2.838855,1
2.831220,564,0,0,0,0.000000,0
2.836233,565,1,0,1,2.848886,0
2.841245,566,2,0,1,2.853909,1
2.846259,567,0,0,0,0.000000,0
2.851274,568,1,0,1,2.863934,1
2.856294,569,2,0,1,2.868942,1
2.861311,570,0,0,0,0.000000,0
2.866332,571,1,0,1,2.878981,1
2.871348,572,2,0,1,2.884002,1
2.876362,573,0,0,0,0.000000,0
2.881375,574,1,0,1,2.894046,1
2.886390,575,2,0,1,2.899030,1
2.891404,576,0,0,0,0.000000,0
2.896420,577,1,0,1,2.909057,0
2.901461,578,2,0,1,2.914104,1
2.906477,579,0,0,0,0.000000,0
2.911491,580,1,0,1,2.924149,0
2.916507,581,2,0,1,2.929157,1
2.921523,582,0,0,0,0.000000,0
2.926544,583,1,0,1,2.939206,1
2.931560,584,2,0,1,2.944209,1
2.936582,585,0,0,0,0.000000,0
2.941597,586,1,0,1,2.954249,1
2.946614,587,2,0,1,2.959259,1
2.951631,588,0,0,0,0.000000,0
2.956647,589,1,0,1,2.969310,1
2.961663,590,2,0,1,2.974313,1
2.966679,591,0,0,0,0.000000,0
2.971697,592,1,0,1,2.984350,1
2.976711,593,2,0,1,2.989353,1
2.981733,594,0,0,0,0.000000,0
2.986754,595,1,0,1,2.999388,1
2.991769,596,2,0,1,3.004420,1
2.996786,597,0,0,0,0.000000,0
3.001797,598,1,0,1,3.024450,0
3.006813,599,2,0,1,3.029487,1
3.011830,600,0,0,0,0.000000,0
3.016870,601,1,0,1,3.036945,0
3.021890,602,2,0,1,3.041984,1
3.026907,603,0,0,0,0.000000,0
3.031923,604,1,0,1,3.049496,1
3.036954,605,2,0,1,3.054534,1
3.041970,606,0,0,0,0.000000,0
3.046991,607,1,0,1,3.062024,0
3.052006,608,2,0,1,3.067023,1
3.057021,609,0,0,0,0.000000,0
3.062033,610,1,0,1,3.074678,0
3.067049,611,2,0,1,3.079690,1
3.072065,612,0,0,0,0.000000,0
3.077088,613,1,0,1,3.089738,1
3.082105,614,2,0,1,3.094749,1
3.087122,615,0,0,0,0.000000,0
3.092139,616,1,0,1,3.104792,1
3.097156,617,2,0,1,3.109805,1
3.102178,618,0,0,0,0.000000,0
3.107198,619,1,0,1,3.119858,0
3.112223,620,2,0,1,3.124889,1
3.117250,621,0,0,0,0.000000,0
3.122271,622,1,0,1,3.134920,1
3.127287,623,2,0,1,3.139935,1
3.132306,624,0,0,0,0.000000,0
3.137320,625,1,0,1,3.149975,0
3.142336,626,2,0,1,3.154977,1
3.147353,627,0,0,0,0.000000,0
3.152374,628,1,0,1,3.165030,1
3.157395,629,2,0,1,3.170058,1
3.162422,630,0,0,0,0.000000,0
3.167435,631,1,0,1,3.180080,1
3.172451,632,2,0,1,3.185106,1
3.177465,633,0,0,0,0.000000,0
3.182483,634,1,0,1,3.195127,1
3.187498,635,2,0,1,3.200145,1
3.192520,636,0,0,0,0.000000,0
3.197536,637,1,0,1,3.210210,1
3.202562,638,2,0,1,3.212736,1
3.207612,639,0,0,0,0.000000,0
3.212642,640,1,0,1,3.225311,1
3.217687,641,2,0,1,3.230337,1
3.222707,642,0,0,0,0.000000,0
3.227725,643,1,0,1,3.240389,1
3.232737,644,2,0,1,3.245390,1
3.237752,645,0,0,0,0.000000,0
3.242768,646,1,0,1,3.255413,1
3.247784,647,2,0,1,3.260426,1
3.252799,648,0,0,0,0.000000,0
3.257816,649,1,0,1,3.270463,1
3.262828,650,2,0,1,3.275479,1
3.267850,651,0,0,0,0.000000,0
3.272865,652,1,0,1,3.285519,1
3.277881,653,2,0,1,3.290544,1
3.282894,654,0,0,0,0.000000,0
3.287915,655,1,0,1,3.300576,1
3.292931,656,2,0,1,3.305578,1
3.297951,657,0,0,0,0.000000,0
3.302966,658,1,0,1,3.315609,1
3.307983,659,2,0,1,3.320624,1
3.312999,660,0,0,0,0.000000,0
3.318015,661,1,0,1,3.330670,0
3.323036,662,2,0,1,3.335686,1
3.328058,663,0,0,0,0.000000,0
3.333074,664,1,0,1,3.345728,1
3.338092,665,2,0,1,3.350732,1
3.343105,666,0,0,0,0.000000,0
3.348122,667,1,0,1,3.360768,1
3.353137,668,2,0,1,3.365786,1
3.358153,669,0,0,0,0.000000,0
3.363177,670,1,0,1,3.375817,1
3.368191,671,2,0,1,3.380848,1
3.373209,672,0,0,0,0.000000,0
3.378223,673,1,0,1,3.390875,1
3.383238,674,2,0,1,3.395875,1
3.388254,675,0,0,0,0.000000,0
3.393270,676,1,0,1,3.405920,1
3.398282,677,2,0,1,3.410935,1
3.403301,678,0,0,0,0.000000,0
3.408317,679,1,0,1,3.420965,1
3.413334,680,2,0,1,3.426001,1
3.418355,681,0,0,0,0.000000,0
3.423376,682,1,0,1,3.436028,1
3.428389,683,2,0,1,3.441043,1
3.433409,684,0,0,0,0.000000,0
3.438425,685,1,0,1,3.451075,1
3.443439,686,2,0,1,3.456074,1
3.448455,687,0,0,0,0.000000,0
3.453476,688,1,0,1,3.466127,1
3.458492,689,2,0,1,3.471131,1
3.463508,690,0,0,0,0.000000,0
3.468525,691,1,0,1,3.481179,0
3.473537,692,2,0,1,3.486184,1
3.478551,693,0,0,0,0.000000,0
3.483566,694,1,0,1,3.496221,1
3.488584,695,2,0,1,3.501230,1
3.493600,696,0,0,0,0.000000,0
3.498616,697,1,0,1,3.511258,1
3.503629,698,2,0,1,3.516275,1
3.508645,699,0,0,0,0.000000,0
3.513661,700,1,0,1,3.526307,1
3.518678,701,2,0,1,3.531319,1
3.523693,702,0,0,0,0.000000,0
3.528708,703,1,0,1,3.541350,1
3.533721,704,2,0,1,3.546373,1
3.538738,705,0,0,0,0.000000,0
3.543751,706,1,0,1,3.556393,1
3.548769,707,2,0,1,3.561416,1
3.553786,708,0,0,0,0.000000,0
3.558801,709,1,0,1,3.571443,1
3.563815,710,2,0,1,3.576463,1
3.568831,711,0,0,0,0.000000,0
3.573847,712,1,0,1,3.586492,1
3.578863,713,2,0,1,3.591513,1
3.583879,714,0,0,0,0.000000,0
3.588895,715,1,0,1,3.601543,1
3.593908,716,2,0,1,3.606561,1
3.598924,717,0,0,0,0.000000,0
3.603937,718,1,0,1,3.616594,1
3.608956,719,2,0,1,3.621599,1
3.613972,720,0,0,0,0.000000,0
3.618988,721,1,0,1,3.631629,1
3.624004,722,2,0,1,3.636650,1
3.629019,723,0,0,0,0.000000,0
3.634031,724,1,0,1,3.646673,1
3.639047,725,2,0,1,3.651693,1
3.644060,726,0,0,0,0.000000,0
3.649079,727,1,0,1,3.661732,1
3.654094,728,2,0,1,3.666739,1
3.659107,729,0,0,0,0.000000,0
3.664124,730,1,0,1,3.676759,1
3.669139,731,2,0,1,3.681791,1
3.674160,732,0,0,0,0.000000,0
3.679177,733,1,0,1,3.691838,1
3.684194,734,2,0,1,3.696847,1
3.689209,735,0,0,0,0.000000,0
3.694226,736,1,0,1,3.706880,1
3.699241,737,2,0,1,3.711892,1
3.704258,738,0,0,0,0.000000,0
3.709278,739,1,0,1,3.721929,1
3.714299,740,2,0,1,3.726946,1
3.719312,741,0,0,0,0.000000,0
3.724328,742,1,0,1,3.736975,1
3.729343,743,2,0,1,3.741994,1
3.734359,744,0,0,0,0.000000,0
3.739380,745,1,0,1,3.752029,1
3.744394,746,2,0,1,3.757043,1
3.749407,747,0,0,0,0.000000,0
3.754423,748,1,0,1,3.767076,1
3.759437,749,2,0,1,3.772082,1
3.764453,750,0,0,0,0.000000,0
3.769470,751,1,0,1,3.782116,0
3.774484,752,2,0,1,3.787136,1
3.779498,753,0,0,0,0.000000,0
3.784511,754,1,0,1,3.797147,1
3.789527,755,2,0,1,3.802179,1
3.794548,756,0,0,0,0.000000,0
3.799564,757,1,0,1,3.812216,1
3.804580,758,2,0,1,3.817238,1
3.809605,759,0,0,0,0.000000,0
3.814621,760,1,0,1,3.827295,1
3.819649,761,2,0,1,3.832304,1
3.824664,762,0,0,0,0.000000,0
3.829681,763,1,0,1,3.842345,0
3.834698,764,2,0,1,3.847349,1
3.839710,765,0,0,0,0.000000,0
3.844724,766,1,0,1,3.857363,1
3.849740,767,2,0,1,3.862389,1
3.854758,768,0,0,0,0.000000,0
3.859771,769,1,0,1,3.872415,1
3.864787,770,2,0,1,3.877435,1
3.869801,771,0,0,0,0.000000,0
3.874813,772,1,0,1,3.887471,1
3.879830,773,2,0,1,3.892475,1
3.884851,774,0,0,0,0.000000,0
3.889868,775,1,0,1,3.902524,1
3.894885,776,2,0,1,3.907528,1
3.899900,777,0,0,0,0.000000,0
3.904913,778,1,0,1,3.917571,1
3.909931,779,2,0,1,3.922567,1
3.914946,780,0,0,0,0.000000,0
3.919961,781,1,0,1,3.932615,1
3.924985,782,2,0,1,3.937636,1
3.930002,783,0,0,0,0.000000,0
3.935020,784,1,0,1,3.947669,0
3.940036,785,2,0,1,3.952703,1
3.945063,786,0,0,0,0.000000,0
3.950079,787,1,0,1,3.962710,0
3.955094,788,2,0,1,3.967739,1
3.960108,789,0,0,0,0.000000,0
3.965124,790,1,0,1,3.977779,1
3.970140,791,2,0,1,3.982790,1
3.975157,792,0,0,0,0.000000,0
3.980174,793,1,0,1,3.992812,1
3.985191,794,2,0,1,3.997844,1
3.990206,795,0,0,0,0.000000,0
3.995223,796,1,0,1,4.007871,0
4.000239,797,2,0,1,4.012894,1
4.005255,798,0,0,0,0.000000,0
4.010268,799,1,0,1,4.022916,1
4.015284,800,2,0,1,4.027936,1
4.020300,801,0,0,0,0.000000,0
4.025316,802,1,0,1,4.037967,1
4.030332,803,2,0,1,4.042969,1
4.035349,804,0,0,0,0.000000,0
4.040361,805,1,0,1,4.053017,1
4.045382,806,2,0,1,4.058036,1
4.050400,807,0,0,0,0.000000,0
4.055416,808,1,0,1,4.068068,1
4.060433,809,2,0,1,4.073088,1
4.065448,810,0,0,0,0.000000,0
4.070465,811,1,0,1,4.083110,1
4.075481,812,2,0,1,4.088131,1
4.080497,813,0,0,0,0.000000,0
4.085512,814,1,0,1,4.098171,1
4.090528,815,2,0,1,4.103178,1
4.095544,816,0,0,0,0.000000,0
4.100563,817,1,0,1,4.113212,1
4.105579,818,2,0,1,4.118225,1
4.110599,819,0,0,0,0.000000,0
4.115614,820,1,0,1,4.128252,1
4.120630,821,2,0,1,4.133280,1
4.125647,822,0,0,0,0.000000,0
4.130663,823,1,0,1,4.143298,1
4.135679,824,2,0,1,4.148329,1
4.140700,825,0,0,0,0.000000,0
4.145713,826,1,0,1,4.158352,1
4.150726,827,2,0,1,4.163376,1
4.155743,828,0,0,0,0.000000,0
4.160759,829,1,0,1,4.173408,1
4.165777,830,2,0,1,4.178435,1
4.170794,831,0,0,0,0.000000,0
4.175810,832,1,0,1,4.188449,1
4.180826,833,2,0,1,4.193473,1
4.185839,834,0,0,0,0.000000,0
4.190855,835,1,0,1,4.203490,1
4.195871,836,2,0,1,4.208519,1
4.200887,837,0,0,0,0.000000,0
4.205900,838,1,0,1,4.218547,0
4.210921,839,2,0,1,4.223569,1
4.215939,840,0,0,0,0.000000,0
4.220954,841,1,0,1,4.233613,0
4.225976,842,2,0,1,4.238622,1
4.230993,843,0,0,0,0.000000,0
4.236008,844,1,0,1,4.248653,0
4.241024,845,2,0,1,4.253673,1
4.246037,846,0,0,0,0.000000,0
4.251054,847,1,0,1,4.263709,1
4.256075,848,2,0,1,4.268723,1
4.261091,849,0,0,0,0.000000,0
4.266112,850,1,0,1,4.278764,0
4.271128,851,2,0,1,4.283778,1
4.276145,852,0,0,0,0.000000,0
4.281160,853,1,0,1,4.293816,1
4.286176,854,2,0,1,4.298828,1
4.291198,855,0,0,0,0.000000,0
4.296218,856,1,0,1,4.308867,1
4.301235,857,2,0,1,4.313874,1
4.306251,858,0,0,0,0.000000,0
4.311264,859,1,0,1,4.323914,1
4.316280,860,2,0,1,4.328932,1
4.321294,861,0,0,0,0.000000,0
4.326310,862,1,0,1,4.338962,1
4.331326,863,2,0,1,4.343979,1
4.336347,864,0,0,0,0.000000,0
4.341363,865,1,0,1,4.354009,1
4.346379,866,2,0,1,4.359034,1
4.351400,867,0,0,0,0.000000,0
4.356413,868,1,0,1,4.369057,1
4.361437,869,2,0,1,4.374084,1
4.366456,870,0,0,0,0.000000,0
4.371469,871,1,0,1,4.384110,1
4.376483,872,2,0,1,4.389121,1
4.381499,873,0,0,0,0.000000,0
4.386515,874,1,0,1,4.399171,0
4.391531,875,2,0,1,4.404181,1
4.396552,876,0,0,0,0.000000,0
4.401574,877,1,0,1,4.414225,1
4.406589,878,2,0,1,4.419233,1
4.411603,879,0,0,0,0.000000,0
4.416624,880,1,0,1,4.429274,1
4.421640,881,2,0,1,4.434286,1
4.426657,882,0,0,0,0.000000,0
4.431672,883,1,0,1,4.444328,0
4.436688,884,2,0,1,4.449334,1
4.441704,885,0,0,0,0.000000,0
4.446720,886,1,0,1,4.459378,1
4.451744,887,2,0,1,4.464395,1
4.456763,888,0,0,0,0.000000,0
4.461779,889,1,0,1,4.474433,0
4.466792,890,2,0,1,4.479441,1
4.471812,891,0,0,0,0.000000,0
4.476835,892,1,0,1,4.489484,1
4.481848,893,2,0,1,4.494490,1
4.486867,894,0,0,0,0.000000,0
4.491880,895,1,0,1,4.504537,1
4.496896,896,2,0,1,4.509549,1
4.501912,897,0,0,0,0.000000,0
4.506928,898,1,0,1,4.519570,1
4.511945,899,2,0,1,4.524602,1
4.516970,900,0,0,0,0.000000,0
4.521985,901,1,0,1,4.534629,1
4.526999,902,2,0,1,4.539643,1
4.532015,903,0,0,0,0.000000,0
4.537031,904,1,0,1,4.549676,1
4.542044,905,2,0,1,4.554689,1
4.547060,906,0,0,0,0.000000,0
4.552076,907,1,0,1,4.564728,0
4.557092,908,2,0,1,4.569733,1
4.562108,909,0,0,0,0.000000,0
4.567122,910,1,0,1,4.579774,1
4.572137,911,2,0,1,4.584783,1
4.577154,912,0,0,0,0.000000,0
4.582170,913,1,0,1,4.594816,0
4.587183,914,2,0,1,4.599821,1
4.592198,915,0,0,0,0.000000,0
4.597240,916,1,0,1,4.609872,1
4.602270,917,2,0,1,4.614909,1
4.607290,918,0,0,0,0.000000,0
4.612317,919,1,0,1,4.624961,1
4.617331,920,2,0,1,4.629983,1
4.622346,921,0,0,0,0.000000,0
4.627363,922,1,0,1,4.640022,1
4.632387,923,2,0,1,4.645050,1
4.637401,924,0,0,0,0.000000,0
4.642414,925,1,0,1,4.655053,1
4.647430,926,2,0,1,4.660075,1
4.652447,927,0,0,0,0.000000,0
4.657463,928,1,0,1,4.670110,1
4.662479,929,2,0,1,4.675131,1
4.667493,930,0,0,0,0.000000,0
4.672509,931,1,0,1,4.685153,0
4.677523,932,2,0,1,4.690165,1
4.682539,933,0,0,0,0.000000,0
4.687554,934,1,0,1,4.700198,1
4.692570,935,2,0,1,4.705216,1
4.697588,936,0,0,0,0.000000,0
4.702604,937,1,0,1,4.715253,1
4.707617,938,2,0,1,4.720275,1
4.712634,939,0,0,0,0.000000,0
4.717651,940,1,0,1,4.730307,1
4.722666,941,2,0,1,4.735309,1
4.727680,942,0,0,0,0.000000,0
4.732695,943,1,0,1,4.745350,1
4.737708,944,2,0,1,4.750364,1
4.742728,945,0,0,0,0.000000,0
4.747747,946,1,0,1,4.760390,1
4.752760,947,2,0,1,4.765410,1
4.757776,948,0,0,0,0.000000,0
4.762791,949,1,0,1,4.775443,1
4.767804,950,2,0,1,4.780447,1
4.772820,951,0,0,0,0.000000,0
4.777833,952,1,0,1,4.790476,1
4.782849,953,2,0,1,4.795510,1
4.787874,954,0,0,0,0.000000,0
4.792891,955,1,0,1,4.805536,1
4.797906,956,2,0,1,4.810543,1
4.802922,957,0,0,0,0.000000,0
4.807944,958,1,0,1,4.820599,1
4.812960,959,2,0,1,4.825608,1
4.817977,960,0,0,0,0.000000,0
4.822989,961,1,0,1,4.835633,1
4.828006,962,2,0,1,4.840662,1
4.833026,963,0,0,0,0.000000,0
4.838043,964,1,0,1,4.850685,0
4.843056,965,2,0,1,4.855700,1
4.848072,966,0,0,0,0.000000,0
4.853100,967,1,0,1,4.865741,0
4.858113,968,2,0,1,4.870761,1
4.863126,969,0,0,0,0.000000,0
4.868143,970,1,0,1,4.880804,1
4.873167,971,2,0,1,4.885805,1
4.878180,972,0,0,0,0.000000,0
4.883197,973,1,0,1,4.895824,1
4.888210,974,2,0,1,4.900843,1
4.893224,975,0,0,0,0.000000,0
4.898239,976,1,0,1,4.910868,0
4.903256,977,2,0,1,4.915900,1
4.908272,978,0,0,0,0.000000,0
4.913288,979,1,0,1,4.925941,1
4.918310,980,2,0,1,4.930954,1
4.923325,981,0,0,0,0.000000,0
4.928341,982,1,0,1,4.940990,1
4.933361,983,2,0,1,4.946006,1
4.938375,984,0,0,0,0.000000,0
4.943399,985,1,0,1,4.956045,1
4.948415,986,2,0,1,4.961070,1
4.953430,987,0,0,0,0.000000,0
4.958456,988,1,0,1,4.971100,1
4.963469,989,2,0,1,4.976112,1
4.968484,990,0,0,0,0.000000,0
4.973499,991,1,0,1,4.986162,1
4.978512,992,2,0,1,4.991168,1
4.983526,993,0,0,0,0.000000,0
4.988538,994,1,0,1,5.001181,1
4.993559,995,2,0,1,5.006205,1
4.998575,996,0,0,0,0.000000,0
5.003591,997,1,0,1,5.016236,0
5.008604,998,2,0,1,5.021252,1
5.013620,999,0,0,0,0.000000,0
5.018641,1000,1,0,1,5.031287,1
5.023657,1001,2,0,1,5.036304,1
5.028671,1002,0,0,0,0.000000,0
5.033687,1003,1,0,1,5.046345,1
5.038704,1004,2,0,1,5.051355,1
5.043717,1005,0,0,0,0.000000,0
5.048733,1006,1,0,1,5.061376,1
5.053749,1007,2,0,1,5.066396,1
5.058766,1008,0,0,0,0.000000,0
5.063781,1009,1,0,1,5.076415,1
5.068799,1010,2,0,1,5.081438,1
5.073820,1011,0,0,0,0.000000,0
5.078834,1012,1,0,1,5.091481,1
5.083849,1013,2,0,1,5.096503,1
5.088864,1014,0,0,0,0.000000,0
5.093880,1015,1,0,1,5.106519,1
5.098896,1016,2,0,1,5.111548,1
5.103912,1017,0,0,0,0.000000,0
5.108929,1018,1,0,1,5.121587,1
5.113944,1019,2,0,1,5.126610,1
5.118960,1020,0,0,0,0.000000,0
5.123976,1021,1,0,1,5.136622,1
5.128992,1022,2,0,1,5.141630,1
5.134007,1023,0,0,0,0.000000,0
5.139024,1024,1,0,1,5.151674,1
5.144038,1025,2,0,1,5.156676,1
5.149054,1026,0,0,0,0.000000,0
5.154071,1027,1,0,1,5.166715,1
5.159084,1028,2,0,1,5.171728,1
5.164102,1029,0,0,0,0.000000,0
5.169117,1030,1,0,1,5.181773,1
5.174141,1031,2,0,1,5.186796,1
5.179162,1032,0,0,0,0.000000,0
5.184183,1033,1,0,1,5.196838,1
5.189204,1034,2,0,1,5.201857,1
5.194217,1035,0,0,0,0.000000,0
5.199233,1036,1,0,1,5.211902,1
5.204249,1037,2,0,1,5.216896,1
5.209263,1038,0,0,0,0.000000,0
5.214279,1039,1,0,1,5.226928,1
5.219295,1040,2,0,1,5.231942,1
5.224311,1041,0,0,0,0.000000,0
5.229332,1042,1,0,1,5.241976,1
5.234348,1043,2,0,1,5.247000,1
5.239369,1044,0,0,0,0.000000,0
5.244395,1045,1,0,1,5.257055,1
5.249412,1046,2,0,1,5.262056,1
5.254428,1047,0,0,0,0.000000,0
5.259443,1048,1,0,1,5.272081,1
5.264458,1049,2,0,1,5.277102,1
5.269473,1050,0,0,0,0.000000,0
5.274486,1051,1,0,1,5.287123,1
5.279503,1052,2,0,1,5.292153,1
5.284520,1053,0,0,0,0.000000,0
5.289542,1054,1,0,1,5.302177,1
5.294557,1055,2,0,1,5.307198,1
5.299574,1056,0,0,0,0.000000,0
5.304595,1057,1,0,1,5.317244,1
5.309608,1058,2,0,1,5.322249,1
5.314624,1059,0,0,0,0.000000,0
5.319637,1060,1,0,1,5.332286,1
5.324656,1061,2,0,1,5.337322,1
5.329669,1062,0,0,0,0.000000,0
5.334686,1063,1,0,1,5.347342,1
5.339698,1064,2,0,1,5.352346,1
5.344715,1065,0,0,0,0.000000,0
5.349733,1066,1,0,1,5.362384,1
5.354752,1067,2,0,1,5.367394,1
5.359769,1068,0,0,0,0.000000,0
5.364785,1069,1,0,1,5.377430,1
5.369802,1070,2,0,1,5.382446,1
5.374817,1071,0,0,0,0.000000,0
5.379835,1072,1,0,1,5.392494,1
5.384855,1073,2,0,1,5.397497,1
5.389871,1074,0,0,0,0.000000,0
5.394885,1075,1,0,1,5.407519,1
5.399898,1076,2,0,1,5.412535,1
5.404914,1077,0,0,0,0.000000,0
5.409932,1078,1,0,1,5.422569,1
5.414948,1079,2,0,1,5.427595,1
5.419964,1080,0,0,0,0.000000,0
5.424977,1081,1,0,1,5.437628,1
5.429997,1082,2,0,1,5.442638,1
5.435014,1083,0,0,0,0.000000,0
5.440036,1084,1,0,1,5.452681,1
5.445052,1085,2,0,1,5.457723,1
5.450074,1086,0,0,0,0.000000,0
5.455087,1087,1,0,1,5.467738,1
5.460116,1088,2,0,1,5.472783,1
5.465131,1089,0,0,0,0.000000,0
5.470149,1090,1,0,1,5.482799,0
5.475165,1091,2,0,1,5.487819,1
5.480182,1092,0,0,0,0.000000,0
5.485195,1093,1,0,1,5.497835,0
5.490212,1094,2,0,1,5.502857,1
5.495225,1095,0,0,0,0.000000,0
5.500246,1096,1,0,1,5.512885,1
5.505263,1097,2,0,1,5.517909,1
5.510276,1098,0,0,0,0.000000,0
5.515292,1099,1,0,1,5.527942,1
5.520313,1100,2,0,1,5.532960,1
5.525327,1101,0,0,0,0.000000,0
5.530343,1102,1,0,1,5.543008,1
5.535367,1103,2,0,1,5.548017,1
5.540380,1104,0,0,0,0.000000,0
5.545401,1105,1,0,1,5.558067,1
5.550414,1106,2,0,1,5.563055,1
5.555430,1107,0,0,0,0.000000,0
5.560446,1108,1,0,1,5.573095,1
5.565462,1109,2,0,1,5.578116,1
5.570483,1110,0,0,0,0.000000,0
5.575500,1111,1,0,1,5.588158,1
5.580513,1112,2,0,1,5.593161,1
5.585530,1113,0,0,0,0.000000,0
5.590551,1114,1,0,1,5.603192,0
5.595567,1115,2,0,1,5.608208,1
5.600580,1116,0,0,0,0.000000,0
5.605599,1117,1,0,1,5.618259,0
5.610612,1118,2,0,1,5.623265,1
5.615634,1119,0,0,0,0.000000,0
5.620651,1120,1,0,1,5.633312,1
5.625667,1121,2,0,1,5.638313,1
5.630683,1122,0,0,0,0.000000,0
5.635696,1123,1,0,1,5.648355,1
5.640717,1124,2,0,1,5.653362,1
5.645731,1125,0,0,0,0.000000,0
5.650746,1126,1,0,1,5.663385,0
5.655763,1127,2,0,1,5.668404,1
5.660779,1128,0,0,0,0.000000,0
5.665795,1129,1,0,1,5.678447,0
5.670811,1130,2,0,1,5.683456,1
5.675827,1131,0,0,0,0.000000,0
5.680848,1132,1,0,1,5.693514,1
5.685867,1133,2,0,1,5.698509,1
5.690882,1134,0,0,0,0.000000,0
5.695899,1135,1,0,1,5.708546,1
5.700913,1136,2,0,1,5.713556,1
5.705931,1137,0,0,0,0.000000,0
5.710947,1138,1,0,1,5.723593,1
5.715960,1139,2,0,1,5.728593,1
5.720976,1140,0,0,0,0.000000,0
5.725998,1141,1,0,1,5.738659,1
5.731019,1142,2,0,1,5.743651,1
5.736033,1143,0,0,0,0.000000,0
5.741048,1144,1,0,1,5.753697,1
5.746065,1145,2,0,1,5.758716,1
5.751086,1146,0,0,0,0.000000,0
5.756101,1147,1,0,1,5.768752,1
5.761118,1148,2,0,1,5.773764,1
5.766133,1149,0,0,0,0.000000,0
5.771149,1150,1,0,1,5.783798,1
5.776166,1151,2,0,1,5.788808,1
5.781182,1152,0,0,0,0.000000,0
5.786195,1153,1,0,1,5.798833,1
5.791211,1154,2,0,1,5.803850,1
5.796227,1155,0,0,0,0.000000,0
5.801248,1156,1,0,1,5.813909,1
5.806269,1157,2,0,1,5.818924,1
5.811282,1158,0,0,0,0.000000,0
5.816298,1159,1,0,1,5.828960,0
5.821324,1160,2,0,1,5.833959,1
5.826340,1161,0,0,0,0.000000,0
5.831355,1162,1,0,1,5.844001,1
5.836371,1163,2,0,1,5.849016,1
5.841384,1164,0,0,0,0.000000,0
5.846403,1165,1,0,1,5.859054,1
5.851427,1166,2,0,1,5.864069,1
5.856443,1167,0,0,0,0.000000,0
5.861456,1168,1,0,1,5.874106,1
5.866472,1169,2,0,1,5.879125,1
5.871494,1170,0,0,0,0.000000,0
5.876512,1171,1,0,1,5.889157,1
5.881525,1172,2,0,1,5.894176,1
5.886542,1173,0,0,0,0.000000,0
5.891559,1174,1,0,1,5.904202,1
5.896572,1175,2,0,1,5.909221,1
5.901592,1176,0,0,0,0.000000,0
5.906608,1177,1,0,1,5.919253,1
5.911625,1178,2,0,1,5.924269,1
5.916640,1179,0,0,0,0.000000,0
5.921662,1180,1,0,1,5.934320,1
5.926683,1181,2,0,1,5.939324,1
5.931696,1182,0,0,0,0.000000,0
5.936712,1183,1,0,1,5.949356,1
5.941728,1184,2,0,1,5.954382,1
5.946745,1185,0,0,0,0.000000,0
5.951768,1186,1,0,1,5.964433,1
5.956791,1187,2,0,1,5.969437,1
5.961804,1188,0,0,0,0.000000,0
5.966820,1189,1,0,1,5.979464,0
5.971836,1190,2,0,1,5.984494,1
5.976855,1191,0,0,0,0.000000,0
5.981871,1192,1,0,1,5.994535,0
5.986887,1193,2,0,1,5.999545,1
5.991908,1194,0,0,0,0.000000,0
5.996921,1195,1,0,1,6.009574,1
6.001941,1196,2,0,1,6.014594,1
6.006962,1197,1,0,1,6.034643,1
6.011983,1198,2,0,1,6.039629,1
6.017007,1199,1,0,1,6.047167,1
6.022036,1200,2,0,1,6.052171,1
6.027050,1201,1,0,1,6.059679,1
6.032063,1202,2,0,1,6.064701,1
6.037109,1203,1,0,1,6.072170,1
6.042133,1204,2,0,1,6.077183,1
6.047096,1205,1,0,1,6.084714,1
6.052107,1206,2,0,1,6.089737,1
6.057122,1207,1,0,1,6.097237,0
6.062143,1208,2,0,1,6.102264,1
6.067161,1209,1,0,1,6.109752,1
6.072189,1210,2,0,1,6.114778,1
6.077206,1211,1,0,1,6.122275,1
6.082219,1212,2,0,1,6.127306,1
6.087232,1213,1,0,1,6.134796,1
6.092252,1214,2,0,1,6.139832,1
6.097266,1215,1,0,1,6.147333,1
6.102285,1216,2,0,1,6.152349,1
6.107300,1217,1,0,1,6.159837,1
6.112320,1218,2,0,1,6.164867,1
6.117336,1219,1,0,1,6.172350,1
6.122350,1220,2,0,1,6.177386,1
6.127363,1221,1,0,1,6.184818,1
6.132379,1222,2,0,1,6.189869,1
6.137400,1223,1,0,1,6.197377,1
6.142413,1224,2,0,1,6.202381,1
6.147428,1225,1,0,1,6.207431,1
6.152449,1226,2,0,1,6.214957,1
6.157463,1227,1,0,1,6.217450,1
6.162479,1228,2,0,1,6.227487,1
6.167492,1229,1,0,1,6.227506,1
6.172504,1230,2,0,1,6.239999,1
6.177516,1231,1,0,1,6.240019,1
6.182547,1232,2,0,1,6.252546,1
6.187649,1233,1,0,1,6.252529,1
6.192679,1234,2,0,1,6.265043,1
6.197310,1235,1,0,1,6.265062,1
6.202322,1236,2,0,1,6.277559,1
6.207339,1237,1,0,1,6.277541,0
6.212357,1238,2,0,1,6.290081,1
6.217371,1239,1,0,1,6.290098,1
6.222384,1240,2,0,1,6.302624,1
6.227397,1241,1,0,1,6.302604,1
6.232414,1242,2,0,1,6.315141,1
6.237427,1243,1,0,1,6.315123,1
6.242445,1244,2,0,1,6.327659,1
6.247461,1245,1,0,1,6.327638,0
6.252475,1246,2,0,1,6.337910,1
6.257491,1247,1,0,1,6.340168,1
6.262507,1248,2,0,1,6.347949,1
6.267526,1249,1,0,1,6.352693,1
6.272544,1250,2,0,1,6.357979,1
6.277578,1251,1,0,1,6.365199,0
6.282594,1252,2,0,1,6.368035,1
6.287611,1253,1,0,1,6.377713,1
6.292627,1254,2,0,1,6.378053,1
6.297641,1255,1,0,1,6.390243,1
6.302653,1256,2,0,1,6.388091,1
6.307666,1257,1,0,1,6.402758,1
6.312679,1258,2,0,1,6.398131,1
6.317693,1259,1,0,1,6.415285,1
6.322706,1260,2,0,1,6.408170,1
6.327743,1261,1,0,1,6.427803,1
6.332768,1262,2,0,1,6.418222,1
6.337821,1263,1,0,1,6.440322,1
6.342839,1264,2,0,1,6.430732,1
6.347858,1265,1,0,1,6.452837,0
6.352873,1266,2,0,1,6.443241,1
6.357890,1267,1,0,1,6.465356,1
6.362915,1268,2,0,1,6.455758,1
6.367937,1269,1,0,1,6.477871,1
6.372955,1270,2,0,1,6.468286,1
6.377972,1271,1,0,1,6.490395,1
6.382990,1272,2,0,1,6.480805,1
6.388009,1273,1,0,1,6.502911,1
6.393026,1274,2,0,1,6.493324,1
6.398047,1275,1,0,1,6.515438,1
6.403061,1276,2,0,1,6.505845,1
6.408087,1277,1,0,1,6.527968,0
6.413109,1278,2,0,1,6.518362,1
6.418128,1279,1,0,1,6.540482,1
6.423178,1280,2,0,1,6.530881,1
6.428199,1281,1,0,1,6.552999,1
6.433229,1282,2,0,1,6.543388,1
6.438250,1283,1,0,1,6.565522,1
6.443267,1284,2,0,1,6.555920,1
6.448283,1285,1,0,1,6.578051,0
6.453298,1286,2,0,1,6.568436,1
6.458316,1287,1,0,1,6.590567,1
6.463337,1288,2,0,1,6.580966,1
6.468364,1289,1,0,1,6.603083,1
6.473384,1290,2,0,1,6.593479,1
6.478406,1291,1,0,1,6.615603,1
6.483423,1292,2,0,1,6.605996,1
6.488445,1293,1,0,1,6.628121,1
6.493460,1294,2,0,1,6.618511,1
6.498487,1295,1,0,1,6.640641,1
6.503501,1296,2,0,1,6.631029,1
6.508527,1297,1,0,1,6.653159,1
6.513548,1298,2,0,1,6.643540,1
6.518568,1299,1,0,1,6.665675,1
6.523595,1300,2,0,1,6.656068,1
6.528609,1301,1,0,1,6.678190,1
6.533629,1302,2,0,1,6.668590,1
6.538650,1303,1,0,1,6.690721,1
6.543663,1304,2,0,1,6.681106,1
6.548679,1305,1,0,1,6.703247,1
6.553691,1306,2,0,1,6.693616,1
6.558711,1307,1,0,1,6.715764,1
6.563727,1308,2,0,1,6.706132,1
6.568747,1309,1,0,1,6.728283,1
6.573773,1310,2,0,1,6.718654,1
6.578795,1311,1,0,1,6.740804,1
6.583816,1312,2,0,1,6.731175,1
6.588832,1313,1,0,1,6.753325,1
6.593846,1314,2,0,1,6.743680,1
6.598863,1315,1,0,1,6.765843,1
6.603880,1316,2,0,1,6.756211,1
6.608896,1317,1,0,1,6.778359,1
6.613913,1318,2,0,1,6.768727,1
6.618925,1319,1,0,1,6.790875,0
6.623950,1320,2,0,1,6.781245,1
6.628965,1321,1,0,1,6.803397,1
6.633990,1322,2,0,1,6.793763,1
6.639014,1323,1,0,1,6.815916,1
6.644032,1324,2,0,1,6.806274,1
6.649052,1325,1,0,1,6.828438,1
6.654068,1326,2,0,1,6.818801,1
6.659089,1327,1,0,1,6.840952,1
6.664113,1328,2,0,1,6.831312,1
6.669129,1329,1,0,1,6.853473,1
6.674150,1330,2,0,1,6.843821,1
6.679171,1331,1,0,1,6.865986,1
6.684192,1332,2,0,1,6.856342,1
6.689208,1333,1,0,1,6.878511,1
6.694227,1334,2,0,1,6.868857,1
6.699251,1335,1,0,1,6.891025,1
6.704269,1336,2,0,1,6.881371,1
6.709286,1337,1,0,1,6.903537,1
6.714307,1338,2,0,1,6.893893,1
6.719320,1339,1,0,1,6.916058,1
6.724336,1340,2,0,1,6.906412,1
6.729352,1341,1,0,1,6.928583,1
6.734379,1342,2,0,1,6.918931,1
6.739400,1343,1,0,1,6.941108,1
6.744422,1344,2,0,1,6.931440,1
6.749442,1345,1,0,1,6.953632,1
6.754459,1346,2,0,1,6.943953,1
6.759478,1347,1,0,1,6.966149,1
6.764495,1348,2,0,1,6.956490,1
6.769514,1349,1,0,1,6.978676,0
6.774529,1350,2,0,1,6.968998,1
6.779551,1351,1,0,1,6.991193,1
6.784572,1352,2,0,1,6.981517,1
6.789596,1353,1,0,1,7.003711,1
6.794618,1354,2,0,1,6.994039,1
6.799645,1355,1,0,1,7.016230,1
6.804664,1356,2,0,1,7.006554,1
6.809684,1357,1,0,1,7.028748,1
6.814700,1358,2,0,1,7.019068,1
6.819717,1359,1,0,1,7.041269,1
6.824741,1360,2,0,1,7.031583,1
6.829761,1361,1,0,1,7.053793,0
6.834784,1362,2,0,1,7.044095,1
6.839800,1363,1,0,1,7.066310,1
6.844822,1364,2,0,1,7.056621,1
6.849839,1365,1,0,1,7.078835,0
6.854856,1366,2,0,1,7.069137,1
6.859881,1367,1,0,1,7.091349,1
6.864898,1368,2,0,1,7.081654,1
6.869913,1369,1,0,1,7.103872,1
6.874937,1370,2,0,1,7.094177,1
6.879960,1371,1,0,1,7.116396,1
6.884976,1372,2,0,1,7.106696,1
6.889999,1373,1,0,1,7.128910,0
6.895016,1374,2,0,1,7.119226,1
6.900042,1375,1,0,1,7.141426,1
6.905057,1376,2,0,1,7.131742,1
6.910079,1377,1,0,1,7.153948,1
6.915095,1378,2,0,1,7.144265,1
6.920116,1379,1,0,1,7.166470,1
6.925135,1380,2,0,1,7.156780,1
6.930148,1381,1,0,1,7.178996,1
6.935175,1382,2,0,1,7.169304,1
6.940198,1383,1,0,1,7.191512,1
6.945215,1384,2,0,1,7.181816,1
6.950232,1385,1,0,1,7.204024,1
6.955244,1386,2,0,1,7.194326,1
6.960265,1387,1,0,1,7.216549,1
6.965285,1388,2,0,1,7.206835,1
6.970301,1389,1,0,1,7.229067,1
6.975323,1390,2,0,1,7.219370,1
6.980344,1391,1,0,1,7.241581,1
6.985362,1392,2,0,1,7.231882,1
6.990390,1393,1,0,1,7.254104,1
6.995407,1394,2,0,1,7.244410,1
7.000424,1395,1,0,1,7.266621,1
7.005440,1396,2,0,1,7.256929,1
7.010462,1397,1,0,1,7.279134,1
7.015479,1398,2,0,1,7.269449,1
7.020496,1399,1,0,1,7.291656,1
7.025512,1400,2,0,1,7.281968,1
7.030541,1401,1,0,1,7.304183,1
7.035558,1402,2,0,1,7.294525,1
7.040578,1403,1,0,1,7.316687,1
7.045600,1404,2,0,1,7.306646,1
7.050616,1405,1,0,1,7.329220,1
7.055632,1406,2,0,1,7.316662,1
7.060649,1407,1,0,1,7.341748,1
7.065667,1408,2,0,1,7.329196,1
7.070691,1409,1,0,1,7.354250,1
7.075716,1410,2,0,1,7.341725,1
7.080732,1411,1,0,1,7.366770,1
7.085754,1412,2,0,1,7.354273,1
7.090769,1413,1,0,1,7.379316,1
7.095784,1414,2,0,1,7.366748,1
7.100798,1415,1,0,1,7.391806,1
7.105816,1416,2,0,1,7.379295,1
7.110831,1417,1,0,1,7.404336,1
7.115851,1418,2,0,1,7.391785,1
7.120867,1419,1,0,1,7.416870,1
7.125895,1420,2,0,1,7.404360,1
7.130912,1421,1,0,1,7.429375,1
7.135939,1422,2,0,1,7.416849,1
7.140959,1423,1,0,1,7.441893,1
7.145977,1424,2,0,1,7.429398,1
7.150991,1425,1,0,1,7.454419,1
7.156015,1426,2,0,1,7.441916,1
7.161039,1427,1,0,1,7.466927,1
7.166055,1428,2,0,1,7.454442,1
7.171077,1429,1,0,1,7.477243,1
7.176094,1430,2,0,1,7.466951,1
7.181115,1431,1,0,1,7.487274,1
7.186131,1432,2,0,1,7.479458,1
7.191146,1433,1,0,1,7.497305,1
7.196162,1434,2,0,1,7.491973,1
7.201179,1435,1,0,1,7.507333,1
7.206197,1436,2,0,1,7.504491,1
7.211209,1437,1,0,1,7.517363,1
7.216226,1438,2,0,1,7.517008,1
7.221251,1439,1,0,1,7.527396,1
7.226286,1440,2,0,1,7.529526,1
7.231299,1441,1,0,1,7.537431,1
7.236312,1442,2,0,1,7.542043,1
7.241331,1443,1,0,1,7.547478,1
7.246347,1444,2,0,1,7.554560,1
7.251368,1445,1,0,1,7.557462,1
7.256389,1446,2,0,1,7.567078,1
7.261408,1447,1,0,1,7.567517,1
7.266422,1448,2,0,1,7.579600,1
7.271443,1449,1,0,1,7.577555,1
7.276461,1450,2,0,1,7.592123,1
7.281478,1451,1,0,1,7.587589,1
7.286491,1452,2,0,1,7.604646,1
7.291508,1453,1,0,1,7.597623,1
7.296532,1454,2,0,1,7.617162,1
7.301547,1455,1,0,1,7.607658,1
7.306562,1456,2,0,1,7.629681,1
7.311581,1457,1,0,1,7.617693,1
7.316598,1458,2,0,1,7.642196,1
7.321619,1459,1,0,1,7.627729,1
7.326637,1460,2,0,1,7.654712,1
7.331656,1461,1,0,1,7.637766,1
7.336678,1462,2,0,1,7.667237,1
7.341649,1463,1,0,1,7.647814,1
7.346665,1464,2,0,1,7.679753,1
7.351682,1465,1,0,1,7.657844,1
7.356699,1466,2,0,1,7.692268,1
7.361720,1467,1,0,1,7.667880,1
7.366733,1468,2,0,1,7.704796,1
7.371749,1469,1,0,1,7.677919,1
7.376764,1470,2,0,1,7.717314,1
7.381778,1471,1,0,1,7.687958,1
7.386795,1472,2,0,1,7.729832,1
7.391831,1473,1,0,1,7.697992,1
7.396847,1474,2,0,1,7.742352,1
7.401868,1475,1,0,1,7.708036,1
7.406889,1476,2,0,1,7.754875,1
7.411903,1477,1,0,1,7.718068,1
7.416914,1478,2,0,1,7.767398,1
7.421930,1479,1,0,1,7.728100,1
7.426945,1480,2,0,1,7.779914,1
7.431958,1481,1,0,1,7.738134,1
7.436974,1482,2,0,1,7.792437,1
7.441992,1483,1,0,1,7.748178,1
7.447021,1484,2,0,1,7.804955,1
7.452042,1485,1,0,1,7.758205,1
7.457065,1486,2,0,1,7.817455,1
7.462084,1487,1,0,1,7.768248,1
7.467122,1488,2,0,1,7.829988,1
7.472142,1489,1,0,1,7.778304,1
7.477161,1490,2,0,1,7.842508,1
7.482177,1491,1,0,1,7.790820,1
7.487194,1492,2,0,1,7.855025,1
7.492207,1493,1,0,1,7.803315,1
7.497223,1494,2,0,1,7.867539,1
7.502239,1495,1,0,1,7.813455,1
7.507252,1496,2,0,1,7.880060,1
7.512268,1497,1,0,1,7.823480,1
7.517282,1498,2,0,1,7.892575,1
7.522299,1499,1,0,1,7.833510,1
7.527315,1500,2,0,1,7.905100,1
7.532331,1501,1,0,1,7.843546,1
7.537347,1502,2,0,1,7.917623,1
7.542361,1503,1,0,1,7.853578,1
7.547377,1504,2,0,1,7.930144,1
7.552393,1505,1,0,1,7.863616,1
7.557410,1506,2,0,1,7.942665,1
7.562425,1507,1,0,1,7.873655,1
7.567438,1508,2,0,1,7.955183,1
7.572455,1509,1,0,1,7.883687,1
7.577472,1510,2,0,1,7.967689,1
7.582488,1511,1,0,1,7.893724,1
7.587506,1512,2,0,1,7.980216,1
7.592527,1513,1,0,1,7.903766,1
7.597545,1514,2,0,1,7.992740,1
7.602559,1515,1,0,1,7.916302,1
7.607575,1516,2,0,1,8.005263,1
7.612593,1517,1,0,1,7.928825,1
7.617610,1518,2,0,1,8.017783,1
7.622631,1519,1,0,1,7.941339,1
7.627649,1520,2,0,1,8.030307,1
7.632664,1521,1,0,1,7.953829,1
7.637680,1522,2,0,1,8.042826,1
7.642702,1523,1,0,1,7.966377,1
7.647723,1524,2,0,1,8.055342,1
7.652739,1525,1,0,1,7.978906,1
7.657760,1526,2,0,1,8.067858,1
7.662777,1527,1,0,1,7.991421,1
7.667794,1528,2,0,1,8.080374,1
7.672815,1529,1,0,1,8.003939,1
7.677837,1530,2,0,1,8.092860,1
7.682854,1531,1,0,1,8.016456,1
7.687873,1532,2,0,1,8.105413,1
7.692889,1533,1,0,1,8.028976,1
7.697905,1534,2,0,1,8.117930,1
7.702922,1535,1,0,1,8.041495,1
7.707943,1536,2,0,1,8.130443,1
7.712959,1537,1,0,1,8.054016,1
7.717979,1538,2,0,1,8.142963,1
7.723000,1539,1,0,1,8.066531,1
7.728019,1540,2,0,1,8.155485,1
7.733035,1541,1,0,1,8.079053,1
7.738051,1542,2,0,1,8.168002,1
7.743066,1543,1,0,1,8.091572,1
7.748082,1544,2,0,1,8.180515,1
7.753101,1545,1,0,1,8.104094,1
7.758117,1546,2,0,1,8.193041,1
7.763143,1547,1,0,1,8.116606,1
7.768164,1548,2,0,1,8.205559,1
7.773188,1549,1,0,1,8.129133,1
7.778210,1550,2,0,1,8.218078,1
7.783238,1551,1,0,1,8.141652,1
7.788255,1552,2,0,1,8.230574,1
7.793277,1553,1,0,1,8.154176,1
7.798293,1554,2,0,1,8.243119,1
7.803331,1555,1,0,1,8.166695,1
7.808347,1556,2,0,1,8.255640,1
7.813366,1557,1,0,1,8.176736,1
7.818380,1558,2,0,1,8.268158,1
7.823396,1559,1,0,1,8.189254,1
7.828414,1560,2,0,1,8.280682,1
7.833430,1561,1,0,1,8.201772,1
7.838447,1562,2,0,1,8.293207,1
7.843465,1563,1,0,1,8.214302,1
7.848479,1564,2,0,1,8.305730,1
7.853495,1565,1,0,1,8.226824,1
7.858512,1566,2,0,1,8.318250,1
7.863534,1567,1,0,1,8.239355,1
7.868555,1568,2,0,1,8.330773,1
7.873571,1569,1,0,1,8.251890,1
7.878588,1570,2,0,1,8.343285,1
7.883604,1571,1,0,1,8.264408,1
7.888621,1572,2,0,1,8.355809,1
7.893638,1573,1,0,1,8.276917,1
7.898659,1574,2,0,1,8.368325,1
7.903681,1575,1,0,1,8.289441,1
7.908708,1576,2,0,1,8.380846,1
7.913725,1577,1,0,1,8.301966,1
7.918740,1578,2,0,1,8.393365,1
7.923756,1579,1,0,1,8.314482,1
7.928769,1580,2,0,1,8.405886,1
7.933783,1581,1,0,1,8.327006,1
7.938796,1582,2,0,1,8.418408,1
7.943820,1583,1,0,1,8.339527,1
7.948837,1584,2,0,1,8.430928,1
7.953856,1585,1,0,1,8.352051,1
7.958872,1586,2,0,1,8.443437,1
7.963896,1587,1,0,1,8.364564,1
7.968916,1588,2,0,1,8.455960,1
7.973933,1589,1,0,1,8.377080,1
7.978953,1590,2,0,1,8.468480,1
7.983970,1591,1,0,1,8.389602,1
7.988991,1592,2,0,1,8.480996,1
7.994021,1593,1,0,1,8.402117,1
7.999039,1594,2,0,1,8.493513,1
8.004053,1595,1,0,1,8.414640,1
8.009067,1596,2,0,1,8.506030,1
8.014085,1597,1,0,1,8.427160,1
8.019107,1598,2,0,1,8.518547,1
8.024123,1599,1,0,1,8.439676,1
8.029135,1600,2,0,1,8.531064,1
8.034151,1601,1,0,1,8.452201,1
8.039164,1602,2,0,1,8.543574,1
8.044177,1603,1,0,1,8.464731,1
8.049194,1604,2,0,1,8.556067,1
8.054213,1605,1,0,1,8.475814,1
8.059230,1606,2,0,1,8.568577,1
8.064245,1607,1,0,1,8.485844,1
8.069261,1608,2,0,1,8.581137,1
8.074277,1609,1,0,1,8.495874,1
8.079292,1610,2,0,1,8.591164,1
8.084308,1611,1,0,1,8.505906,1
8.089329,1612,2,0,1,8.601190,1
8.094351,1613,1,0,1,8.515931,1
8.099367,1614,2,0,1,8.611224,1
8.104383,1615,1,0,1,8.525963,1
8.109399,1616,2,0,1,8.621265,1
8.114417,1617,1,0,1,8.535994,1
8.119432,1618,2,0,1,8.631286,1
8.124447,1619,1,0,1,8.546028,1
8.129466,1620,2,0,1,8.641315,1
8.134510,1621,1,0,1,8.556040,1
8.139526,1622,2,0,1,8.651357,1
8.144539,1623,1,0,1,8.568551,1
8.149555,1624,2,0,1,8.661394,1
8.154570,1625,1,0,1,8.581110,1
8.159585,1626,2,0,1,8.671425,1
8.164602,1627,1,0,1,8.593613,1
8.169618,1628,2,0,1,8.681449,1
8.174644,1629,1,0,1,8.606098,1
8.179661,1630,2,0,1,8.691486,1
8.184682,1631,1,0,1,8.618650,1
8.189699,1632,2,0,1,8.701518,1
8.194713,1633,1,0,1,8.631173,1
8.199730,1634,2,0,1,8.711549,1
8.204759,1635,1,0,1,8.643676,1
8.209772,1636,2,0,1,8.721583,1
8.214788,1637,1,0,1,8.656199,1
8.219801,1638,2,0,1,8.731617,1
8.224818,1639,1,0,1,8.668721,1
8.229839,1640,2,0,1,8.741651,1
8.234855,1641,1,0,1,8.681243,1
8.239882,1642,2,0,1,8.751690,1
8.244900,1643,1,0,1,8.693768,1
8.249920,1644,2,0,1,8.761720,1
8.254940,1645,1,0,1,8.706293,1
8.259954,1646,2,0,1,8.771754,1
8.264972,1647,1,0,1,8.718816,1
8.269985,1648,2,0,1,8.781781,1
8.275011,1649,1,0,1,8.731331,1
8.280027,1650,2,0,1,8.791818,1
8.285044,1651,1,0,1,8.743844,1
8.290066,1652,2,0,1,8.801857,1
8.295083,1653,1,0,1,8.756368,1
8.300107,1654,2,0,1,8.811908,1
8.305128,1655,1,0,1,8.768890,1
8.310144,1656,2,0,1,8.821925,1
8.315160,1657,1,0,1,8.781404,1
8.320176,1658,2,0,1,8.831958,1
8.325198,1659,1,0,1,8.793926,1
8.330231,1660,2,0,1,8.841991,1
8.335245,1661,1,0,1,8.806444,1
8.340260,1662,2,0,1,8.852023,1
8.345287,1663,1,0,1,8.818959,1
8.350306,1664,2,0,1,8.862055,1
8.355322,1665,1,0,1,8.831478,1
8.360343,1666,2,0,1,8.872088,1
8.365360,1667,1,0,1,8.843999,1
8.370376,1668,2,0,1,8.882114,1
8.375393,1669,1,0,1,8.856521,1
8.380407,1670,2,0,1,8.892154,1
8.385423,1671,1,0,1,8.869036,1
8.390444,1672,2,0,1,8.902184,1
8.395460,1673,1,0,1,8.881571,1
8.400477,1674,2,0,1,8.912230,1
8.405494,1675,1,0,1,8.894065,1
8.410508,1676,2,0,1,8.922256,1
8.415524,1677,1,0,1,8.906591,1
8.420540,1678,2,0,1,8.932294,1
8.425562,1679,1,0,1,8.919116,1
8.430577,1680,2,0,1,8.942340,1
8.435595,1681,1,0,1,8.931635,1
8.440611,1682,2,0,1,8.952375,1
8.445635,1683,1,0,1,8.944146,1
8.450653,1684,2,0,1,8.962407,1
8.455667,1685,1,0,1,8.956672,1
8.460682,1686,2,0,1,8.972451,1
8.465699,1687,1,0,1,8.969182,1
8.470712,1688,2,0,1,8.982476,1
8.475734,1689,1,0,1,8.981701,1
8.480749,1690,2,0,1,8.992505,1
8.485762,1691,1,0,1,8.994224,1
8.490777,1692,2,0,1,9.002543,1
8.495794,1693,1,0,1,9.006737,1
8.500807,1694,2,0,1,9.012575,1
8.505823,1695,1,0,1,9.019264,1
8.510837,1696,2,0,1,9.022596,1
8.515852,1697,1,0,1,9.031783,1
8.520866,1698,2,0,1,9.032633,1
8.525882,1699,1,0,1,9.044299,1
8.530897,1700,2,0,1,9.042657,1
8.535909,1701,1,0,1,9.056822,1
8.540929,1702,2,0,1,9.052701,1
8.545943,1703,1,0,1,9.069339,1
8.550963,1704,2,0,1,9.062730,1
8.555979,1705,1,0,1,9.081862,1
8.560994,1706,2,0,1,9.072762,1
8.566009,1707,1,0,1,9.094381,1
8.571023,1708,2,0,1,9.082798,1
8.576039,1709,1,0,1,9.106898,1
8.581051,1710,2,0,1,9.092794,1
8.586063,1711,1,0,1,9.119416,1
8.591078,1712,2,0,1,9.102858,1
8.596092,1713,1,0,1,9.131932,1
8.601108,1714,2,0,1,9.112887,1
8.606128,1715,1,0,1,9.144448,1
8.611145,1716,2,0,1,9.122919,1
8.616162,1717,1,0,1,9.156964,1
8.621182,1718,2,0,1,9.132946,1
8.626196,1719,1,0,1,9.169482,1
8.631207,1720,2,0,1,9.142974,1
8.636220,1721,1,0,1,9.182003,1
8.641232,1722,2,0,1,9.153006,1
8.646249,1723,1,0,1,9.194523,1
8.651270,1724,2,0,1,9.163040,1
8.656289,1725,1,0,1,9.207038,1
8.661306,1726,2,0,1,9.173072,1
8.666327,1727,1,0,1,9.219561,1
8.671343,1728,2,0,1,9.183102,1
8.676357,1729,1,0,1,9.232084,1
8.681370,1730,2,0,1,9.193134,1
8.686387,1731,1,0,1,9.244596,1
8.691406,1732,2,0,1,9.203168,1
8.696420,1733,1,0,1,9.257118,1
8.701436,1734,2,0,1,9.213207,1
8.706455,1735,1,0,1,9.269637,1
8.711468,1736,2,0,1,9.223239,1
8.716484,1737,1,0,1,9.282162,1
8.721497,1738,2,0,1,9.233276,1
8.726518,1739,1,0,1,9.294683,1
8.731532,1740,2,0,1,9.243314,1
8.736548,1741,1,0,1,9.307203,1
8.741566,1742,2,0,1,9.253349,1
8.746585,1743,1,0,1,9.319729,1
8.751606,1744,2,0,1,9.263382,1
8.756621,1745,1,0,1,9.332243,1
8.761635,1746,2,0,1,9.273408,1
8.766652,1747,1,0,1,9.344764,1
8.771668,1748,2,0,1,9.283447,1
8.776687,1749,1,0,1,9.357287,1
8.781699,1750,2,0,1,9.293482,1
8.786716,1751,1,0,1,9.369809,1
8.791733,1752,2,0,1,9.303515,1
8.796757,1753,1,0,1,9.382325,1
8.801774,1754,2,0,1,9.313555,1
8.806789,1755,1,0,1,9.394848,1
8.811806,1756,2,0,1,9.323582,1
8.816823,1757,1,0,1,9.407360,1
8.821847,1758,2,0,1,9.333614,1
8.826861,1759,1,0,1,9.419887,1
8.831875,1760,2,0,1,9.343636,1
8.836891,1761,1,0,1,9.432406,1
8.841907,1762,2,0,1,9.353671,1
8.846925,1763,1,0,1,9.444918,1
8.851942,1764,2,0,1,9.363710,1
8.856958,1765,1,0,1,9.457457,1
8.861973,1766,2,0,1,9.373751,1
8.866987,1767,1,0,1,9.469964,1
8.872002,1768,2,0,1,9.383775,1
8.877016,1769,1,0,1,9.482487,1
8.882031,1770,2,0,1,9.393808,1
8.887047,1771,1,0,1,9.495005,1
8.892068,1772,2,0,1,9.403843,1
8.897087,1773,1,0,1,9.507530,1
8.902106,1774,2,0,1,9.413881,1
8.907121,1775,1,0,1,9.520050,1
8.912138,1776,2,0,1,9.423913,1
8.917156,1777,1,0,1,9.532567,1
8.922172,1778,2,0,1,9.433948,1
8.927188,1779,1,0,1,9.545086,1
8.932208,1780,2,0,1,9.443987,1
8.937233,1781,1,0,1,9.557607,1
8.942254,1782,2,0,1,9.454018,1
8.947271,1783,1,0,1,9.570132,1
8.952291,1784,2,0,1,9.464064,1
8.957308,1785,1,0,1,9.582649,1
8.962324,1786,2,0,1,9.476580,1
8.967351,1787,1,0,1,9.595168,1
8.972364,1788,2,0,1,9.489085,1
8.977381,1789,1,0,1,9.607691,1
8.982394,1790,2,0,1,9.501627,1
8.987410,1791,1,0,1,9.620219,1
8.992424,1792,2,0,1,9.514129,1
8.997440,1793,1,0,1,9.632739,1
9.002458,1794,2,0,1,9.526665,1
9.007473,1795,1,0,1,9.657790,1
9.012487,1796,2,0,1,9.551711,1
9.017501,1797,1,0,1,9.670310,1
9.022514,1798,2,0,1,9.564234,1
9.027531,1799,1,0,1,9.682836,1
9.032547,1800,2,0,1,9.576745,1
9.037560,1801,1,0,1,9.695353,1
9.042575,1802,2,0,1,9.589266,1
9.047598,1803,1,0,1,9.707871,1
9.052615,1804,2,0,1,9.601782,1
9.057634,1805,1,0,1,9.720399,1
9.062651,1806,2,0,1,9.614306,1
9.067664,1807,1,0,1,9.732917,1
9.072680,1808,2,0,1,9.626821,1
9.077699,1809,1,0,1,9.745432,1
9.082713,1810,2,0,1,9.639340,1
9.087730,1811,1,0,1,9.757950,1
9.092746,1812,2,0,1,9.651858,1
9.097762,1813,1,0,1,9.770471,1
9.102778,1814,2,0,1,9.664385,1
9.107790,1815,1,0,1,9.782988,1
9.112806,1816,2,0,1,9.676896,1
9.117822,1817,1,0,1,9.795508,1
9.122837,1818,2,0,1,9.689418,1
9.127853,1819,1,0,1,9.808034,1
9.132866,1820,2,0,1,9.701935,1
9.137881,1821,1,0,1,9.820540,1
9.142898,1822,2,0,1,9.714457,1
9.147913,1823,1,0,1,9.833064,1
9.152929,1824,2,0,1,9.726977,1
9.157941,1825,1,0,1,9.845581,1
9.162960,1826,2,0,1,9.739496,1
9.167974,1827,1,0,1,9.858097,1
9.172989,1828,2,0,1,9.752014,1
9.178003,1829,1,0,1,9.870617,1
9.183019,1830,2,0,1,9.764539,1
9.188032,1831,1,0,1,9.883139,1
9.193049,1832,2,0,1,9.777051,1
9.198065,1833,1,0,1,9.895659,1
9.203083,1834,2,0,1,9.789568,1
9.208102,1835,1,0,1,9.908180,1
9.213118,1836,2,0,1,9.802096,1
9.218142,1837,1,0,1,9.920696,1
9.223157,1838,2,0,1,9.814621,1
9.228179,1839,1,0,1,9.933219,1
9.233199,1840,2,0,1,9.827138,1
9.238215,1841,1,0,1,9.945733,1
9.243234,1842,2,0,1,9.839658,1
9.248251,1843,1,0,1,9.958258,1
9.253267,1844,2,0,1,9.852181,1
9.258284,1845,1,0,1,9.970771,1
9.263301,1846,2,0,1,9.864704,1
9.268315,1847,1,0,1,9.983297,1
9.273328,1848,2,0,1,9.877218,1
9.278343,1849,1,0,1,9.995821,1
9.283361,1850,2,0,1,9.889737,1
9.288375,1851,1,0,1,10.008335,1
9.293399,1852,2,0,1,9.902259,1
9.298416,1853,1,0,1,10.020856,1
9.303430,1854,2,0,1,9.914784,1
9.308445,1855,1,0,1,10.033375,1
9.313462,1856,2,0,1,9.927295,1
9.318483,1857,1,0,1,10.045889,1
9.323496,1858,2,0,1,9.939827,1
9.328514,1859,1,0,1,10.058411,1
9.333530,1860,2,0,1,9.949869,1
9.338543,1861,1,0,1,10.070929,1
9.343556,1862,2,0,1,9.959899,1
9.348573,1863,1,0,1,10.083446,1
9.353591,1864,2,0,1,9.969924,1
9.358607,1865,1,0,1,10.095965,1
9.363628,1866,2,0,1,9.979965,1
9.368650,1867,1,0,1,10.108485,1
9.373667,1868,2,0,1,9.989992,1
9.378680,1869,1,0,1,10.121000,1
9.383694,1870,2,0,1,10.000032,1
9.388711,1871,1,0,1,10.133527,1
9.393724,1872,2,0,1,10.010062,1
9.398744,1873,1,0,1,10.146049,1
9.403760,1874,2,0,1,10.020119,1
9.408774,1875,1,0,1,10.158566,1
9.413790,1876,2,0,1,10.030152,1
9.418806,1877,1,0,1,10.171090,1
9.423827,1878,2,0,1,10.040189,1
9.428845,1879,1,0,1,10.183607,1
9.433866,1880,2,0,1,10.050221,1
9.438887,1881,1,0,1,10.196127,1
9.443906,1882,2,0,1,10.060268,1
9.448919,1883,1,0,1,10.208647,1
9.453935,1884,2,0,1,10.070298,1
9.458954,1885,1,0,1,10.221171,1
9.463971,1886,2,0,1,10.080335,1
9.469007,1887,1,0,1,10.233691,1
9.474025,1888,2,0,1,10.090369,1
9.479039,1889,1,0,1,10.246207,1
9.484056,1890,2,0,1,10.100401,1
9.489070,1891,1,0,1,10.258722,1
9.494087,1892,2,0,1,10.110429,1
9.499104,1893,1,0,1,10.271240,1
9.504120,1894,2,0,1,10.120470,1
9.509134,1895,1,0,1,10.283759,1
9.514161,1896,2,0,1,10.130505,1
9.519178,1897,1,0,1,10.296289,1
9.524199,1898,2,0,1,10.140538,1
9.529215,1899,1,0,1,10.308814,1
9.534234,1900,2,0,1,10.150576,1
9.539246,1901,1,0,1,10.321332,1
9.544266,1902,2,0,1,10.160617,1
9.549282,1903,1,0,1,10.333850,1
9.554302,1904,2,0,1,10.170656,1
9.559319,1905,1,0,1,10.346367,1
9.564336,1906,2,0,1,10.180694,1
9.569356,1907,1,0,1,10.358886,1
9.574373,1908,2,0,1,10.190707,1
9.579390,1909,1,0,1,10.371402,1
9.584406,1910,2,0,1,10.203268,1
9.589420,1911,1,0,1,10.383920,1
9.594438,1912,2,0,1,10.215806,1
9.599452,1913,1,0,1,10.396437,1
9.604470,1914,2,0,1,10.225841,1
9.609492,1915,1,0,1,10.408957,1
9.614507,1916,2,0,1,10.235873,1
9.619523,1917,1,0,1,10.421443,1
9.624539,1918,2,0,1,10.245908,1
9.629555,1919,1,0,1,10.433986,1
9.634577,1920,2,0,1,10.255935,1
9.639588,1921,1,0,1,10.446511,1
9.644602,1922,2,0,1,10.265976,1
9.649618,1923,1,0,1,10.459027,1
9.654639,1924,2,0,1,10.276010,1
9.659655,1925,1,0,1,10.471543,1
9.664669,1926,2,0,1,10.286043,1
9.669683,1927,1,0,1,10.484058,1
9.674703,1928,2,0,1,10.296077,1
9.679716,1929,1,0,1,10.496578,1
9.684733,1930,2,0,1,10.306115,1
9.689744,1931,1,0,1,10.509096,1
9.694760,1932,2,0,1,10.316157,1
9.699784,1933,1,0,1,10.521613,1
9.704806,1934,2,0,1,10.328680,1
9.709819,1935,1,0,1,10.534125,1
9.714833,1936,2,0,1,10.341173,1
9.719850,1937,1,0,1,10.546653,1
9.724865,1938,2,0,1,10.353728,1
9.729879,1939,1,0,1,10.559168,1
9.734895,1940,2,0,1,10.366226,1
9.739911,1941,1,0,1,10.571692,1
9.744927,1942,2,0,1,10.378776,1
9.749943,1943,1,0,1,10.584202,1
9.754959,1944,2,0,1,10.391291,1
9.759972,1945,1,0,1,10.596720,1
9.764990,1946,2,0,1,10.403812,1
9.770007,1947,1,0,1,10.609240,1
9.775023,1948,2,0,1,10.416329,1
9.780039,1949,1,0,1,10.621764,1
9.785056,1950,2,0,1,10.426580,1
9.790071,1951,1,0,1,10.634278,1
9.795084,1952,2,0,1,10.436617,1
9.800114,1953,1,0,1,10.646807,1
9.805135,1954,2,0,1,10.446653,1
9.810148,1955,1,0,1,10.659314,1
9.815163,1956,2,0,1,10.456683,1
9.820180,1957,1,0,1,10.671834,1
9.825201,1958,2,0,1,10.466725,1
9.830217,1959,1,0,1,10.684353,1
9.835234,1960,2,0,1,10.476748,1
9.840253,1961,1,0,1,10.696877,1
9.845267,1962,2,0,1,10.486786,1
9.850287,1963,1,0,1,10.709399,1
9.855308,1964,2,0,1,10.496828,1
9.860322,1965,1,0,1,10.721918,1
9.865337,1966,2,0,1,10.506871,1
9.870354,1967,1,0,1,10.734441,1
9.875379,1968,2,0,1,10.516913,1
9.880395,1969,1,0,1,10.746970,1
9.885411,1970,2,0,1,10.526951,1
9.890429,1971,1,0,1,10.759481,1
9.895446,1972,2,0,1,10.536988,1
9.900462,1973,1,0,1,10.771999,1
9.905477,1974,2,0,1,10.547028,1
9.910490,1975,1,0,1,10.784517,1
9.915505,1976,2,0,1,10.557066,1
9.920520,1977,1,0,1,10.797035,1
9.925561,1978,2,0,1,10.567104,1
9.930581,1979,1,0,1,10.809563,1
9.935603,1980,2,0,1,10.577131,1
9.939753,1981,1,0,1,10.822075,1
9.944766,1982,2,0,1,10.587176,1
9.949781,1983,1,0,1,10.834603,1
9.954798,1984,2,0,1,10.597220,1
9.959814,1985,1,0,1,10.847120,1
9.964828,1986,2,0,1,10.607263,1
9.969845,1987,1,0,1,10.859634,1
9.974860,1988,2,0,1,10.617303,1
9.979876,1989,1,0,1,10.872154,1
9.984894,1990,2,0,1,10.627334,1
9.989909,1991,1,0,1,10.884669,1
9.994932,1992,2,0,1,10.637379,1
9.999948,1993,1,0,1,10.897194,1
10.004965,1994,2,0,1,10.647426,1
10.009983,1995,1,0,1,10.909681,1
10.014999,1996,2,0,1,10.657478,1
10.020029,1997,1,0,1,10.922237,1
10.025055,1998,2,0,1,10.667475,1
10.030068,1999,1,0,1,10.934759,1
10.035094,2000,2,0,1,10.677525,1
10.040110,2001,1,0,1,10.947286,1
10.045124,2002,2,0,1,10.687564,1
10.050139,2003,1,0,1,10.959810,1
10.055161,2004,2,0,1,10.697599,1
10.060182,2005,1,0,1,10.972329,1
10.065199,2006,2,0,1,10.707636,1
10.070215,2007,1,0,1,10.984857,1
10.075231,2008,2,0,1,10.717674,1
10.080247,2009,1,0,1,10.997377,1
10.085268,2010,2,0,1,10.727713,1
10.090284,2011,1,0,1,11.009890,1
10.095303,2012,2,0,1,10.737745,1
10.100319,2013,1,0,1,11.022414,1
10.105335,2014,2,0,1,10.747788,1
10.110348,2015,1,0,1,11.034941,1
10.115364,2016,2,0,1,10.757824,1
10.120386,2017,1,0,1,11.047481,1
10.125403,2018,2,0,1,10.767859,1
10.130419,2019,1,0,1,11.059984,1
10.135440,2020,2,0,1,10.777903,1
10.140459,2021,1,0,1,11.072505,1
10.145475,2022,2,0,1,10.787937,1
10.150495,2023,1,0,1,11.085024,1
10.155511,2024,2,0,1,10.797965,1
10.160532,2025,1,0,1,11.097547,1
10.165550,2026,2,0,1,10.808013,1
10.170571,2027,1,0,1,11.110060,1
10.175588,2028,2,0,1,10.818051,1
10.180604,2029,1,0,1,11.122580,1
10.185626,2030,2,0,1,10.828075,1
10.190642,2031,1,0,1,11.135098,1
10.195691,2032,2,0,1,10.838113,1
10.200707,2033,1,0,1,11.147625,1
10.205723,2034,2,0,1,10.850644,1
10.210736,2035,1,0,1,11.160144,1
10.215735,2036,2,0,1,10.863151,1
10.220746,2037,1,0,1,11.172665,1
10.225760,2038,2,0,1,10.875684,1
10.230776,2039,1,0,1,11.185189,1
10.235789,2040,2,0,1,10.888188,1
10.240805,2041,1,0,1,11.197706,1
10.245821,2042,2,0,1,10.900716,1
10.250840,2043,1,0,1,11.210218,1
10.255854,2044,2,0,1,10.913248,1
10.260873,2045,1,0,1,11.222733,1
10.265890,2046,2,0,1,10.925752,1
10.270910,2047,1,0,1,11.235255,1
10.275927,2048,2,0,1,10.938270,1
10.280941,2049,1,0,1,11.247774,1
10.285961,2050,2,0,1,10.950783,1
10.290978,2051,1,0,1,11.260292,1
10.295991,2052,2,0,1,10.963326,1
10.301011,2053,1,0,1,11.272812,1
10.306032,2054,2,0,1,10.975840,1
10.311050,2055,1,0,1,11.285329,1
10.316067,2056,2,0,1,10.988364,1
10.321094,2057,1,0,1,11.297847,1
10.326109,2058,2,0,1,11.000873,1
10.331125,2059,1,0,1,11.310359,1
10.336142,2060,2,0,1,11.013408,1
10.341160,2061,1,0,1,11.322877,1
10.346177,2062,2,0,1,11.025918,1
10.351198,2063,1,0,1,11.335401,1
10.356216,2064,2,0,1,11.038442,1
10.361229,2065,1,0,1,11.347923,1
10.366261,2066,2,0,1,11.050963,1
10.371278,2067,1,0,1,11.360444,1
10.376296,2068,2,0,1,11.063481,1
10.381312,2069,1,0,1,11.372958,1
10.386328,2070,2,0,1,11.076000,1
10.391342,2071,1,0,1,11.385475,1
10.396359,2072,2,0,1,11.088526,1
10.401376,2073,1,0,1,11.398004,1
10.406404,2074,2,0,1,11.101044,1
10.411421,2075,1,0,1,11.410510,1
10.416436,2076,2,0,1,11.113562,1
10.421474,2077,1,0,1,11.423030,1
10.426496,2078,2,0,1,11.126076,1
10.431513,2079,1,0,1,11.435548,1
10.436537,2080,2,0,1,11.138599,1
10.441553,2081,1,0,1,11.448069,1
10.446568,2082,2,0,1,11.151114,1
10.451584,2083,1,0,1,11.460594,1
10.456601,2084,2,0,1,11.163631,1
10.461623,2085,1,0,1,11.473119,1
10.466640,2086,2,0,1,11.176150,1
10.471653,2087,1,0,1,11.485637,1
10.476667,2088,2,0,1,11.188671,1
10.481682,2089,1,0,1,11.498155,1
10.486705,2090,2,0,1,11.201186,1
10.491725,2091,1,0,1,11.510668,1
10.496740,2092,2,0,1,11.213722,1
10.501767,2093,1,0,1,11.523189,1
10.506784,2094,2,0,1,11.226215,1
10.511803,2095,1,0,1,11.535702,1
10.516820,2096,2,0,1,11.238743,1
10.521847,2097,1,0,1,11.548225,1
10.526865,2098,2,0,1,11.251265,1
10.531885,2099,1,0,1,11.560749,1
10.536902,2100,2,0,1,11.263787,1
10.541919,2101,1,0,1,11.573261,1
10.546941,2102,2,0,1,11.276307,1
10.551966,2103,1,0,1,11.585780,1
10.556983,2104,2,0,1,11.288822,1
10.561999,2105,1,0,1,11.598297,1
10.567021,2106,2,0,1,11.301336,1
10.572036,2107,1,0,1,11.610815,1
10.577049,2108,2,0,1,11.313855,1
10.582067,2109,1,0,1,11.623331,1
10.587096,2110,2,0,1,11.326374,1
10.592112,2111,1,0,1,11.635855,1
10.597133,2112,2,0,1,11.338889,1
10.602158,2113,1,0,1,11.648379,1
10.607174,2114,2,0,1,11.351410,1
10.612199,2115,1,0,1,11.660898,1
10.617217,2116,2,0,1,11.363928,1
10.622236,2117,1,0,1,11.673424,1
10.627253,2118,2,0,1,11.376440,1
10.632271,2119,1,0,1,11.685945,1
10.637292,2120,2,0,1,11.388970,1
10.642314,2121,1,0,1,11.698463,1
10.647330,2122,2,0,1,11.401488,1
10.652358,2123,1,0,1,11.710985,1
10.657379,2124,2,0,1,11.414001,1
10.662396,2125,1,0,1,11.723502,1
10.667416,2126,2,0,1,11.426525,1
10.672432,2127,1,0,1,11.736030,1
10.677447,2128,2,0,1,11.439041,1
10.682463,2129,1,0,1,11.748538,1
10.687482,2130,2,0,1,11.451555,1
10.692498,2131,1,0,1,11.761057,1
10.697515,2132,2,0,1,11.464073,1
10.702539,2133,1,0,1,11.773570,1
10.707558,2134,2,0,1,11.476587,1
10.712574,2135,1,0,1,11.786088,1
10.717592,2136,2,0,1,11.489108,1
10.722608,2137,1,0,1,11.798604,1
10.727634,2138,2,0,1,11.501628,1
10.732650,2139,1,0,1,11.811119,1
10.737667,2140,2,0,1,11.514162,1
10.742683,2141,1,0,1,11.823644,1
10.747703,2142,2,0,1,11.526670,1
10.752721,2143,1,0,1,11.836161,1
10.757738,2144,2,0,1,11.539204,1
10.762759,2145,1,0,1,11.848686,1
10.767776,2146,2,0,1,11.551713,1
10.772794,2147,1,0,1,11.861201,1
10.777815,2148,2,0,1,11.564235,1
10.782830,2149,1,0,1,11.873718,1
10.787849,2150,2,0,1,11.576739,1
10.792864,2151,1,0,1,11.886234,1
10.797878,2152,2,0,1,11.589263,1
10.802907,2153,1,0,1,11.898749,1
10.807922,2154,2,0,1,11.601790,1
10.812940,2155,1,0,1,11.911271,1
10.817957,2156,2,0,1,11.614300,1
10.822975,2157,1,0,1,11.923785,1
10.827991,2158,2,0,1,11.626819,1
10.833012,2159,1,0,1,11.936303,1
10.838030,2160,2,0,1,11.639340,1
10.843055,2161,1,0,1,11.948832,1
10.848072,2162,2,0,1,11.651862,1
10.853089,2163,1,0,1,11.961344,1
10.858110,2164,2,0,1,11.664375,1
10.863123,2165,1,0,1,11.973863,1
10.868137,2166,2,0,1,11.676890,1
10.873155,2167,1,0,1,11.986378,1
10.878179,2168,2,0,1,11.689417,1
10.883195,2169,1,0,1,11.998864,1
10.888229,2170,2,0,1,11.701933,1
10.893246,2171,1,0,1,12.011426,1
10.898261,2172,2,0,1,11.714453,1
10.903278,2173,1,0,1,12.023935,1
10.908295,2174,2,0,1,11.726966,1
10.913307,2175,1,0,1,12.036451,1
10.918332,2176,2,0,1,11.739490,1
10.923348,2177,1,0,1,12.048977,1
10.928372,2178,2,0,1,11.752008,1
10.933394,2179,1,0,1,12.061494,1
10.938409,2180,2,0,1,11.764537,1
10.943433,2181,1,0,1,12.074027,1
10.948450,2182,2,0,1,11.777046,1
10.953466,2183,1,0,1,12.086533,1
10.958483,2184,2,0,1,11.789571,1
10.963505,2185,1,0,1,12.099051,1
10.968522,2186,2,0,1,11.802086,1
10.973543,2187,1,0,1,12.111568,1
10.978562,2188,2,0,1,11.814604,1
10.983579,2189,1,0,1,12.124049,1
10.988607,2190,2,0,1,11.827124,1
10.993631,2191,1,0,1,12.136597,1
10.998651,2192,2,0,1,11.839648,1
11.003676,2193,1,0,1,12.149124,1
11.008697,2194,2,0,1,11.852164,1
11.013712,2195,1,0,1,12.161640,1
11.018744,2196,2,0,1,11.864680,1
11.023765,2197,1,0,1,12.174165,1
11.028795,2198,2,0,1,11.877189,1
11.033819,2199,1,0,1,12.186673,1
11.038832,2200,2,0,1,11.889715,1
11.043852,2201,1,0,1,12.199195,1
11.048869,2202,2,0,1,11.902233,1
11.053890,2203,1,0,1,12.211709,1
11.058911,2204,2,0,1,11.914756,1
11.063927,2205,1,0,1,12.224229,1
11.068943,2206,2,0,1,11.927281,1
11.073962,2207,1,0,1,12.236764,1
11.078978,2208,2,0,1,11.939801,1
11.083992,2209,1,0,1,12.249265,1
11.089008,2210,2,0,1,11.952318,1
11.094024,2211,1,0,1,12.261780,1
11.099041,2212,2,0,1,11.964838,1
11.104057,2213,1,0,1,12.274322,1
11.109084,2214,2,0,1,11.977351,1
11.114100,2215,1,0,1,12.286814,1
11.119122,2216,2,0,1,11.989881,1
11.124146,2217,1,0,1,12.299341,1
11.129166,2218,2,0,1,12.002397,1
11.134186,2219,1,0,1,12.311868,1
11.139199,2220,2,0,1,12.014929,1
11.144218,2221,1,0,1,12.324384,1
11.149229,2222,2,0,1,12.027452,1
11.154247,2223,1,0,1,12.336901,1
11.159268,2224,2,0,1,12.039964,1
11.164289,2225,1,0,1,12.349428,1
11.169308,2226,2,0,1,12.052484,1
11.174324,2227,1,0,1,12.361947,1
11.179346,2228,2,0,1,12.065001,1
11.184360,2229,1,0,1,12.374459,1
11.189376,2230,2,0,1,12.077511,1
11.194394,2231,1,0,1,12.386982,1
11.199415,2232,2,0,1,12.090047,1
11.204436,2233,1,0,1,12.399502,1
11.209449,2234,2,0,1,12.102561,1
11.214463,2235,1,0,1,12.412032,1
11.219479,2236,2,0,1,12.115088,1
11.224500,2237,1,0,1,12.424540,1
11.229515,2238,2,0,1,12.127609,1
11.234530,2239,1,0,1,12.437059,1
11.239545,2240,2,0,1,12.140129,1
11.244559,2241,1,0,1,12.449580,1
11.249575,2242,2,0,1,12.152646,1
11.254589,2243,1,0,1,12.462093,1
11.259607,2244,2,0,1,12.165171,1
11.264623,2245,1,0,1,12.474616,1
11.269640,2246,2,0,1,12.177691,1
11.274662,2247,1,0,1,12.487136,1
11.279677,2248,2,0,1,12.190206,1
11.284692,2249,1,0,1,12.499654,1
11.289708,2250,2,0,1,12.202729,1
11.294731,2251,1,0,1,12.512170,1
11.299748,2252,2,0,1,12.215247,1
11.304767,2253,1,0,1,12.524690,1
11.309786,2254,2,0,1,12.227763,1
11.314800,2255,1,0,1,12.537209,1
11.319816,2256,2,0,1,12.240281,1
11.324830,2257,1,0,1,12.549736,1
11.329847,2258,2,0,1,12.252812,1
11.334863,2259,1,0,1,12.562250,1
11.339880,2260,2,0,1,12.265362,1
11.344894,2261,1,0,1,12.574767,1
11.349909,2262,2,0,1,12.277857,1
11.354931,2263,1,0,1,12.587294,1
11.359952,2264,2,0,1,12.290359,1
11.364974,2265,1,0,1,12.599804,1
11.369990,2266,2,0,1,12.302878,1
11.375007,2267,1,0,1,12.612328,1
11.380022,2268,2,0,1,12.315402,1
11.385038,2269,1,0,1,12.624838,1
11.390051,2270,2,0,1,12.327930,1
11.395070,2271,1,0,1,12.637356,1
11.400090,2272,2,0,1,12.340447,1
11.405107,2273,1,0,1,12.649876,1
11.410125,2274,2,0,1,12.352966,1
11.415140,2275,1,0,1,12.662386,1
11.420167,2276,2,0,1,12.365484,1
11.425184,2277,1,0,1,12.674916,1
11.430206,2278,2,0,1,12.378012,1
11.435223,2279,1,0,1,12.687444,1
11.440239,2280,2,0,1,12.390523,1
11.445255,2281,1,0,1,12.699961,1
11.450276,2282,2,0,1,12.403039,1
11.455289,2283,1,0,1,12.712483,1
11.460306,2284,2,0,1,12.415555,1
11.465324,2285,1,0,1,12.724995,1
11.470340,2286,2,0,1,12.428069,1
11.475361,2287,1,0,1,12.737519,1
11.480378,2288,2,0,1,12.440593,1
11.485400,2289,1,0,1,12.750038,1
11.490418,2290,2,0,1,12.453107,1
11.495443,2291,1,0,1,12.762556,1
11.500463,2292,2,0,1,12.465626,1
11.505484,2293,1,0,1,12.775069,1
11.510499,2294,2,0,1,12.478148,1
11.515515,2295,1,0,1,12.787597,1
11.520536,2296,2,0,1,12.490663,1
11.525551,2297,1,0,1,12.800102,1
11.530566,2298,2,0,1,12.503181,1
11.535587,2299,1,0,1,12.812620,1
11.540601,2300,2,0,1,12.515704,1
11.545622,2301,1,0,1,12.825136,1
11.550640,2302,2,0,1,12.528221,1
11.555656,2303,1,0,1,12.837654,1
